,period,inter,direc,cycle,type,pollutant,emi,sim,fuel
0,morning1,Dunbar,SB,36,21,Total Energy,2680451788.8320003,0,165.9424955980526
3,morning1,Dunbar,SB,35,21,Total Energy,3541975035.052,0,388.9615267001461
6,morning1,Dunbar,SB,34,21,Total Energy,2908394309.2079997,0,318.9333066989895
9,morning1,Dunbar,SB,33,21,Total Energy,2338074565.938,0,171.30298305288315
11,morning1,Dunbar,SB,32,21,Total Energy,2119779069.466,0,206.29394548898716
14,morning1,Dunbar,SB,31,21,Total Energy,3576660902.065,0,289.44652745414754
17,morning1,Dunbar,SB,30,21,Total Energy,3348560630.227,0,211.07906538924385
20,morning1,Dunbar,SB,29,21,Total Energy,2493789243.507,0,187.13873413734746
23,morning1,Dunbar,SB,28,21,Total Energy,3869838894.3,0,378.7172662086685
24,morning1,Dunbar,SB,27,21,Total Energy,1178912253.814,0,160.84696978731992
26,morning1,Dunbar,SB,26,21,Total Energy,2689453031.534,0,275.7941912949012
29,morning1,Dunbar,SB,25,21,Total Energy,2329205972.321,0,194.39624524169
31,morning1,Dunbar,SB,24,21,Total Energy,2367323833.642,0,131.39706089975442
34,morning1,Dunbar,SB,23,21,Total Energy,1481868766.195,0,142.6809522481144
38,morning1,Dunbar,SB,22,21,Total Energy,2713196370.9960003,0,411.6498718783216
40,morning1,Dunbar,SB,21,21,Total Energy,1884429002.7029998,0,144.43567335076932
43,morning1,Dunbar,SB,20,21,Total Energy,3339466749.117,0,370.396907585677
46,morning1,Dunbar,SB,19,21,Total Energy,2930502360.42,0,219.59137953231064
48,morning1,Dunbar,SB,18,21,Total Energy,1333691215.882,0,175.5939905712469
50,morning1,Dunbar,SB,17,21,Total Energy,3029095388.442,0,163.15225488335284
54,morning1,Dunbar,SB,16,21,Total Energy,4531592072.6,0,163.35673574263316
56,morning1,Dunbar,SB,15,21,Total Energy,2942155550.3770003,0,361.15386295111875
59,morning1,Dunbar,SB,14,21,Total Energy,4304956341.93,0,363.7569041606064
60,morning1,Dunbar,SB,13,21,Total Energy,4225654003.82,0,532.706712620188
61,morning1,Dunbar,SB,12,21,Total Energy,692799794.7360001,0,100.02197587879165
63,morning1,Dunbar,SB,11,21,Total Energy,1639616956.5870001,0,187.69368868676318
64,morning1,Dunbar,SB,10,21,Total Energy,2037523612.2670002,0,159.92584051183206
67,morning1,Dunbar,SB,9,21,Total Energy,3511471860.21,0,567.057906964919
69,morning1,Dunbar,SB,8,21,Total Energy,2802454306.577,0,198.0278122434975
71,morning1,Dunbar,SB,7,21,Total Energy,2949559422.5309997,0,304.40586065390966
74,morning1,Dunbar,SB,6,21,Total Energy,1963924740.647,0,286.7454053655863
75,morning1,Dunbar,SB,5,21,Total Energy,2422729508.369,0,232.37103062298453
78,morning1,Dunbar,SB,4,21,Total Energy,3089735781.5459995,0,419.0668871783341
79,morning1,Dunbar,SB,3,21,Total Energy,2785782357.976,0,330.08393682508705
82,morning1,Dunbar,SB,2,21,Total Energy,1695826559.5089998,0,167.40771561225753
84,morning1,Dunbar,SB,1,21,Total Energy,2472623371.197,0,182.90514240601738
86,morning1,Bishop,NB,47,21,Total Energy,6122147473.610001,0,309.89988360086966
87,morning1,Bishop,NB,46,21,Total Energy,10180627061.9,0,276.73538296984435
89,morning1,Bishop,NB,45,21,Total Energy,7701959143.15,0,456.78081648659753
91,morning1,Bishop,NB,44,21,Total Energy,6385730394.2,0,656.832751946068
93,morning1,Bishop,NB,43,21,Total Energy,5105580519.610001,0,453.54396391374786
95,morning1,Bishop,NB,42,21,Total Energy,5099501975.51,0,244.17464913310357
98,morning1,Bishop,NB,41,21,Total Energy,6907411979.97,0,434.1913988154707
100,morning1,Bishop,NB,40,21,Total Energy,6436750391.08,0,690.5116352015973
102,morning1,Bishop,NB,39,21,Total Energy,5681112160.42,0,527.677542831286
104,morning1,Bishop,NB,38,21,Total Energy,5109667387.84,0,167.91041970819353
107,morning1,Bishop,NB,37,21,Total Energy,4700516189.24,0,649.9225955482441
108,morning1,Bishop,NB,36,21,Total Energy,3895899405.96,0,235.65998119951232
111,morning1,Bishop,NB,35,21,Total Energy,5073255319.57,0,245.7172404793264
114,morning1,Bishop,NB,34,21,Total Energy,3420281509.492,0,237.7031736121601
115,morning1,Bishop,NB,33,21,Total Energy,4746114738.95,0,528.2142253817726
117,morning1,Bishop,NB,32,21,Total Energy,6440743975.95,0,579.7037456863359
120,morning1,Bishop,NB,31,21,Total Energy,5422846373.38,0,377.40543298707365
123,morning1,Bishop,NB,30,21,Total Energy,6494147734.16,0,205.0816672937172
126,morning1,Bishop,NB,29,21,Total Energy,7773114219.84,0,486.6659337700023
129,morning1,Bishop,NB,28,21,Total Energy,9593185184.94,0,575.9051946704443
131,morning1,Bishop,NB,27,21,Total Energy,8500586848.73,0,392.41791027493036
133,morning1,Bishop,NB,26,21,Total Energy,5181188129.78,0,632.1787355707933
135,morning1,Bishop,NB,25,21,Total Energy,5936657422.09,0,317.5509200237874
139,morning1,Bishop,NB,24,21,Total Energy,8095946883.62,0,450.3370655336335
142,morning1,Bishop,NB,23,21,Total Energy,6299544271.76,0,533.9247639971911
144,morning1,Bishop,NB,22,21,Total Energy,5589070870.0,0,679.8382694436807
146,morning1,Bishop,NB,21,21,Total Energy,4778826408.29,0,286.17817357693195
148,morning1,Bishop,NB,20,21,Total Energy,4547624984.22,0,276.51582041896387
149,morning1,Bishop,NB,19,21,Total Energy,7064306127.48,0,519.0284745134238
151,morning1,Bishop,NB,18,21,Total Energy,5648315119.52,0,587.3956312547876
154,morning1,Bishop,NB,17,21,Total Energy,3333725125.8809996,0,243.60967725541627
157,morning1,Bishop,NB,16,21,Total Energy,6592726968.46,0,304.91615177737526
159,morning1,Bishop,NB,15,21,Total Energy,8172350421.26,0,496.8216213917637
162,morning1,Bishop,NB,14,21,Total Energy,7407311507.97,0,405.0921741620736
163,morning1,Bishop,NB,13,21,Total Energy,6827626414.15,0,293.40191103760014
167,morning1,Bishop,NB,12,21,Total Energy,5448461094.559999,0,616.5456253410882
169,morning1,Bishop,NB,11,21,Total Energy,4127696859.51,0,444.52026438826385
172,morning1,Bishop,NB,10,21,Total Energy,5672888070.389999,0,588.2710016602356
174,morning1,Bishop,NB,9,21,Total Energy,3940171666.22,0,215.50082177832292
177,morning1,Bishop,NB,8,21,Total Energy,5411803229.41,0,377.2952854924429
180,morning1,Bishop,NB,7,21,Total Energy,6550407302.46,0,681.8597868770512
181,morning1,Bishop,NB,6,21,Total Energy,6942323718.54,0,372.5087014572451
183,morning1,Bishop,NB,5,21,Total Energy,8635161249.29,0,515.6902912817732
185,morning1,Bishop,NB,4,21,Total Energy,5855132959.01,0,361.76110894418775
188,morning1,Bishop,NB,3,21,Total Energy,5731104905.54,0,555.4753447148822
190,morning1,Bishop,NB,2,21,Total Energy,7037276675.860002,0,624.4555407986212
193,morning1,Bishop,NB,1,21,Total Energy,4299582824.34,0,281.9236585882568
196,morning1,Bishop,SB,47,21,Total Energy,2064422260.5979998,0,363.4890029839816
198,morning1,Bishop,SB,46,21,Total Energy,1288151590.402,0,100.09964498869594
200,morning1,Bishop,SB,45,21,Total Energy,2995202260.898,0,606.7944542636483
203,morning1,Bishop,SB,44,21,Total Energy,2815173160.6759996,0,416.30810686062205
204,morning1,Bishop,SB,43,21,Total Energy,2219147093.0290003,0,210.9091851702419
207,morning1,Bishop,SB,42,21,Total Energy,1503048181.1920002,0,152.42731382843414
211,morning1,Bishop,SB,41,21,Total Energy,2290003019.787,0,166.13208820352258
213,morning1,Bishop,SB,40,21,Total Energy,2299691413.358,0,274.766797798274
216,morning1,Bishop,SB,39,21,Total Energy,2566758332.174,0,267.8495574109629
219,morning1,Bishop,SB,38,21,Total Energy,4209307281.91,0,183.0005410263977
221,morning1,Bishop,SB,37,21,Total Energy,2537078884.736,0,315.1473851042392
223,morning1,Bishop,SB,36,21,Total Energy,2640654720.925,0,163.87958944931117
226,morning1,Bishop,SB,35,21,Total Energy,3687546111.648,0,748.4154752360007
228,morning1,Bishop,SB,34,21,Total Energy,1701723348.311,0,154.31968965456758
230,morning1,Bishop,SB,33,21,Total Energy,2506658152.987,0,111.99682322339596
233,morning1,Bishop,SB,32,21,Total Energy,3100362881.686,0,296.3024114266913
236,morning1,Bishop,SB,31,21,Total Energy,3444345655.688,0,231.25929295424882
239,morning1,Bishop,SB,30,21,Total Energy,2845163047.6790004,0,207.90419620278317
241,morning1,Bishop,SB,29,21,Total Energy,2707391438.57,0,226.69645155665933
245,morning1,Bishop,SB,28,21,Total Energy,3110704943.0550003,0,446.73451999968177
247,morning1,Bishop,SB,27,21,Total Energy,3211617423.516,0,124.29175111294464
250,morning1,Bishop,SB,26,21,Total Energy,3548643703.663,0,542.8451814218577
254,morning1,Bishop,SB,25,21,Total Energy,4009566424.37,0,111.52673638336859
257,morning1,Bishop,SB,24,21,Total Energy,3337565416.243,0,243.40011697952815
259,morning1,Bishop,SB,23,21,Total Energy,3067123201.185,0,281.2576838532738
261,morning1,Bishop,SB,22,21,Total Energy,1403144465.6,0,195.81756548915
264,morning1,Bishop,SB,21,21,Total Energy,4125455262.31,0,109.5823063353627
267,morning1,Bishop,SB,20,21,Total Energy,2936410475.27,0,424.2214385267485
270,morning1,Bishop,SB,19,21,Total Energy,3317738129.6270003,0,380.2019938725435
271,morning1,Bishop,SB,18,21,Total Energy,1391827318.342,0,101.64614048799444
274,morning1,Bishop,SB,17,21,Total Energy,3875219237.15,0,363.501557338312
277,morning1,Bishop,SB,16,21,Total Energy,7219306612.57,0,354.6238407034087
280,morning1,Bishop,SB,15,21,Total Energy,3366632708.9960003,0,547.6173645249943
282,morning1,Bishop,SB,14,21,Total Energy,2111629365.2289999,0,131.0646881081481
284,morning1,Bishop,SB,13,21,Total Energy,2875667823.979,0,321.3921581025642
287,morning1,Bishop,SB,12,21,Total Energy,4848638169.41,0,505.4400209808583
291,morning1,Bishop,SB,11,21,Total Energy,1554512834.806,0,48.02992081874332
293,morning1,Bishop,SB,10,21,Total Energy,2325289676.122,0,129.5623932375677
294,morning1,Bishop,SB,9,21,Total Energy,2397893276.182,0,355.5942904204772
297,morning1,Bishop,SB,8,21,Total Energy,1870539701.346,0,330.90040737586725
298,morning1,Bishop,SB,7,21,Total Energy,1360141175.052,0,119.20639113668524
299,morning1,Bishop,SB,6,21,Total Energy,4235350144.91,0,361.2213278203385
303,morning1,Bishop,SB,5,21,Total Energy,4893861942.46,0,279.2110993589365
304,morning1,Bishop,SB,4,21,Total Energy,6233447023.33,0,289.2752405524901
307,morning1,Bishop,SB,3,21,Total Energy,3562939936.7440004,0,267.89070166053244
310,morning1,Bishop,SB,2,21,Total Energy,1691729998.9589999,0,246.97405898458803
312,morning1,Bishop,SB,1,21,Total Energy,1279681919.525,0,136.10755016061213
313,morning1,Sheldon,NB,40,21,Total Energy,8606922181.529999,0,876.3433433342319
315,morning1,Sheldon,NB,39,21,Total Energy,6199805176.95,0,581.9643510177963
317,morning1,Sheldon,NB,38,21,Total Energy,5572731846.75,0,681.0755666315375
321,morning1,Sheldon,NB,37,21,Total Energy,4684608131.37,0,576.7100268567657
323,morning1,Sheldon,NB,36,21,Total Energy,5837979852.59,0,663.299853500223
326,morning1,Sheldon,NB,35,21,Total Energy,7470764210.62,0,739.5884943832768
328,morning1,Sheldon,NB,34,21,Total Energy,7286409444.46,0,694.2970566734888
330,morning1,Sheldon,NB,33,21,Total Energy,4581159411.99,0,355.81260349113734
334,morning1,Sheldon,NB,32,21,Total Energy,6868424113.9,0,564.7413184114887
337,morning1,Sheldon,NB,31,21,Total Energy,4617937315.27,0,707.7159676008846
340,morning1,Sheldon,NB,30,21,Total Energy,4560608460.54,0,610.6897015789117
343,morning1,Sheldon,NB,29,21,Total Energy,4272169303.94,0,477.31895088141573
345,morning1,Sheldon,NB,28,21,Total Energy,4526073565.12,0,668.169725157545
347,morning1,Sheldon,NB,27,21,Total Energy,4407926706.99,0,917.5767980981772
350,morning1,Sheldon,NB,26,21,Total Energy,3646959208.7240005,0,613.8701775563542
353,morning1,Sheldon,NB,25,21,Total Energy,6375223222.95,0,896.3114185894162
356,morning1,Sheldon,NB,24,21,Total Energy,8295093556.42,0,808.57085537108
359,morning1,Sheldon,NB,23,21,Total Energy,8220301756.9,0,771.188397224056
361,morning1,Sheldon,NB,22,21,Total Energy,5237336358.059999,0,712.6521264243712
364,morning1,Sheldon,NB,21,21,Total Energy,5815361526.32,0,680.0156337783962
368,morning1,Sheldon,NB,20,21,Total Energy,7124185111.4400015,0,891.9243951245105
369,morning1,Sheldon,NB,19,21,Total Energy,5110675228.690001,0,726.8609738816083
371,morning1,Sheldon,NB,18,21,Total Energy,4991251902.57,0,741.0909016502028
373,morning1,Sheldon,NB,17,21,Total Energy,4004652889.87,0,622.8265094779878
374,morning1,Sheldon,NB,16,21,Total Energy,6728534123.47,0,625.2347350880267
376,morning1,Sheldon,NB,15,21,Total Energy,6155240569.190001,0,490.6390060318428
379,morning1,Sheldon,NB,14,21,Total Energy,2023766531.093,0,279.3820254202543
381,morning1,Sheldon,NB,13,21,Total Energy,4956729655.92,0,793.2868773624461
383,morning1,Sheldon,NB,12,21,Total Energy,7534453099.8,0,975.8528039547873
385,morning1,Sheldon,NB,11,21,Total Energy,7161818522.85,0,700.7140778460144
389,morning1,Sheldon,NB,10,21,Total Energy,6323579030.83,0,747.3042289682596
392,morning1,Sheldon,NB,9,21,Total Energy,6538132390.33,0,698.4625970210526
395,morning1,Sheldon,NB,8,21,Total Energy,5812950683.07,0,886.1995013014348
398,morning1,Sheldon,NB,7,21,Total Energy,3941596677.8,0,629.9501979846699
401,morning1,Sheldon,NB,6,21,Total Energy,4792413366.51,0,710.3575942196503
403,morning1,Sheldon,NB,5,21,Total Energy,5302714074.23,0,1000.8479624604033
405,morning1,Sheldon,NB,4,21,Total Energy,4324844339.05,0,846.7469573146927
408,morning1,Sheldon,NB,3,21,Total Energy,2914029541.6559997,0,373.8081919286978
410,morning1,Sheldon,NB,2,21,Total Energy,5655368584.05,0,702.9452611078253
413,morning1,Sheldon,NB,1,21,Total Energy,6489705934.639999,0,994.6364080838116
416,morning1,Sheldon,SB,40,21,Total Energy,3839241260.74,0,261.0693170351298
419,morning1,Sheldon,SB,39,21,Total Energy,3670621380.059,0,346.8880523291942
420,morning1,Sheldon,SB,38,21,Total Energy,3809675865.57,0,514.2624559715665
423,morning1,Sheldon,SB,37,21,Total Energy,4955812354.08,0,214.6181655846957
425,morning1,Sheldon,SB,36,21,Total Energy,4349760170.49,0,770.7077436163958
428,morning1,Sheldon,SB,35,21,Total Energy,2011344956.992,0,194.34136747352304
432,morning1,Sheldon,SB,34,21,Total Energy,2456828117.13,0,290.87626726740217
435,morning1,Sheldon,SB,33,21,Total Energy,2807561979.891,0,542.1149362656402
438,morning1,Sheldon,SB,32,21,Total Energy,3410317247.222,0,187.63247249514438
441,morning1,Sheldon,SB,31,21,Total Energy,4350455940.66,0,311.98506034839613
444,morning1,Sheldon,SB,30,21,Total Energy,2827511124.041,0,400.3748235009402
447,morning1,Sheldon,SB,29,21,Total Energy,4856300215.01,0,307.8314041688009
450,morning1,Sheldon,SB,28,21,Total Energy,3717396532.9579997,0,725.9427917507373
451,morning1,Sheldon,SB,27,21,Total Energy,3071275814.1670003,0,210.73939738511052
453,morning1,Sheldon,SB,26,21,Total Energy,4154355831.5,0,511.5833817139663
456,morning1,Sheldon,SB,25,21,Total Energy,2501372225.8589997,0,414.55636758073916
458,morning1,Sheldon,SB,24,21,Total Energy,2752661952.556,0,419.08333949396365
462,morning1,Sheldon,SB,23,21,Total Energy,4033347886.81,0,213.42456157128876
466,morning1,Sheldon,SB,22,21,Total Energy,4947745641.389999,0,475.5177436606894
469,morning1,Sheldon,SB,21,21,Total Energy,4571025488.95,0,272.94218937287417
472,morning1,Sheldon,SB,20,21,Total Energy,4148957670.66,0,430.06507448145754
474,morning1,Sheldon,SB,19,21,Total Energy,3063182813.521,0,290.28340848714214
476,morning1,Sheldon,SB,18,21,Total Energy,3655993307.01,0,290.5435784082207
479,morning1,Sheldon,SB,17,21,Total Energy,1980124382.369,0,383.8486232541112
482,morning1,Sheldon,SB,16,21,Total Energy,3354488427.228,0,535.5480394163446
486,morning1,Sheldon,SB,15,21,Total Energy,3686852099.971,0,191.67055793176624
489,morning1,Sheldon,SB,14,21,Total Energy,4752463568.360001,0,714.1771874299013
492,morning1,Sheldon,SB,13,21,Total Energy,4218679658.66,0,282.0254546701109
495,morning1,Sheldon,SB,12,21,Total Energy,7027718280.389999,0,318.9533727395284
498,morning1,Sheldon,SB,11,21,Total Energy,4560064456.96,0,619.1802798477843
502,morning1,Sheldon,SB,10,21,Total Energy,2056568314.171,0,261.3551421003337
505,morning1,Sheldon,SB,9,21,Total Energy,5879608912.04,0,437.84160858528435
509,morning1,Sheldon,SB,8,21,Total Energy,2624447555.5829997,0,177.98343128979138
511,morning1,Sheldon,SB,7,21,Total Energy,2022439143.147,0,343.7451419678337
514,morning1,Sheldon,SB,6,21,Total Energy,2616294659.4700003,0,218.3775186756911
516,morning1,Sheldon,SB,5,21,Total Energy,3388753311.485,0,319.0480639456222
517,morning1,Sheldon,SB,4,21,Total Energy,3484360586.689,0,614.1816898218658
521,morning1,Sheldon,SB,3,21,Total Energy,3708083123.962,0,209.81601783595426
522,morning1,Sheldon,SB,2,21,Total Energy,4187852066.53,0,192.57857402810157
525,morning1,Sheldon,SB,1,21,Total Energy,3097479746.596,0,346.0492352789615
526,morning1,Pinebush,NB,28,21,Total Energy,6907994011.940001,0,334.3399731801127
530,morning1,Pinebush,NB,27,21,Total Energy,8921207253.65,0,387.7303057166465
533,morning1,Pinebush,NB,26,21,Total Energy,9920839810.6,0,605.4968677427115
534,morning1,Pinebush,NB,25,21,Total Energy,7972263760.54,0,414.1602751564924
537,morning1,Pinebush,NB,24,21,Total Energy,10555282330.11,0,439.84901035625563
540,morning1,Pinebush,NB,23,21,Total Energy,3534194468.2190003,0,252.7990909304491
543,morning1,Pinebush,NB,22,21,Total Energy,3588285674.9009995,0,275.56968461270617
545,morning1,Pinebush,NB,21,21,Total Energy,7964659656.66,0,319.91181018215354
547,morning1,Pinebush,NB,20,21,Total Energy,7135027624.139998,0,415.6745600796898
550,morning1,Pinebush,NB,19,21,Total Energy,8825464845.15,0,480.9486891538475
552,morning1,Pinebush,NB,18,21,Total Energy,9133448584.82,0,439.61143747278055
554,morning1,Pinebush,NB,17,21,Total Energy,4568418291.8,0,108.04370183797397
557,morning1,Pinebush,NB,16,21,Total Energy,7186375537.6900015,0,481.34850906383537
559,morning1,Pinebush,NB,15,21,Total Energy,8022656134.95,0,488.3063058963157
561,morning1,Pinebush,NB,14,21,Total Energy,6412383132.440001,0,214.39505085483174
563,morning1,Pinebush,NB,13,21,Total Energy,5332799745.26,0,333.09815031827117
565,morning1,Pinebush,NB,12,21,Total Energy,7783298337.29,0,174.40647622455154
567,morning1,Pinebush,NB,11,21,Total Energy,7554540896.25,0,316.127202548578
568,morning1,Pinebush,NB,10,21,Total Energy,7567270518.83,0,482.19105970567597
571,morning1,Pinebush,NB,9,21,Total Energy,7336404025.1,0,402.13733386298753
575,morning1,Pinebush,NB,8,21,Total Energy,6522833931.2,0,280.7829320105319
578,morning1,Pinebush,NB,7,21,Total Energy,6019600593.389999,0,288.5277498336152
581,morning1,Pinebush,NB,6,21,Total Energy,5518689948.309999,0,271.8425232786418
583,morning1,Pinebush,NB,5,21,Total Energy,7000715860.17,0,504.43278801556664
585,morning1,Pinebush,NB,4,21,Total Energy,4174840755.44,0,178.52701650467057
587,morning1,Pinebush,NB,3,21,Total Energy,7891819085.57,0,474.56618475576937
590,morning1,Pinebush,NB,2,21,Total Energy,6851859836.58,0,360.612750753666
593,morning1,Pinebush,NB,1,21,Total Energy,5263170745.58,0,214.3149408201293
596,morning1,Pinebush,SB,28,21,Total Energy,5582652188.139999,0,128.21027979843228
598,morning1,Pinebush,SB,27,21,Total Energy,2085315762.9770002,0,191.3075068798141
599,morning1,Pinebush,SB,26,21,Total Energy,2308714168.807,0,43.4350460713004
600,morning1,Pinebush,SB,25,21,Total Energy,1059958167.014,0,3.0116402730676652
603,morning1,Pinebush,SB,24,21,Total Energy,2695350753.086,0,209.72730486039765
606,morning1,Pinebush,SB,23,21,Total Energy,1452708976.093,0,84.80345165587394
610,morning1,Pinebush,SB,22,21,Total Energy,3006728292.71,0,274.8493742410075
611,morning1,Pinebush,SB,21,21,Total Energy,1613236067.796,0,86.14976333514454
613,morning1,Pinebush,SB,20,21,Total Energy,1501778163.613,0,54.96205686337672
615,morning1,Pinebush,SB,19,21,Total Energy,2141700506.952,0,100.4307472589508
617,morning1,Pinebush,SB,18,21,Total Energy,2315760499.7320004,0,253.986174240325
619,morning1,Pinebush,SB,17,21,Total Energy,2202064641.919,0,128.97969343440823
622,morning1,Pinebush,SB,16,21,Total Energy,2471954491.183,0,57.52148905631724
626,morning1,Pinebush,SB,15,21,Total Energy,2218454212.434,0,85.36511115128826
629,morning1,Pinebush,SB,14,21,Total Energy,2837474886.846,0,43.491289716598956
630,morning1,Pinebush,SB,13,21,Total Energy,2954527211.109,0,317.7463162366874
632,morning1,Pinebush,SB,12,21,Total Energy,2491179430.314,0,80.14267190131427
633,morning1,Pinebush,SB,11,21,Total Energy,3533091897.935,0,39.30347124828752
636,morning1,Pinebush,SB,10,21,Total Energy,3508288229.129,0,86.98230389596317
638,morning1,Pinebush,SB,9,21,Total Energy,5521211857.440001,0,258.38732885035154
640,morning1,Pinebush,SB,8,21,Total Energy,3097944587.291,0,320.7816686495277
643,morning1,Pinebush,SB,7,21,Total Energy,5061526257.15,0,189.19045810945
647,morning1,Pinebush,SB,6,21,Total Energy,2439353609.388,0,62.65675125444021
649,morning1,Pinebush,SB,5,21,Total Energy,2272340423.7339997,0,177.1742482385921
651,morning1,Pinebush,SB,4,21,Total Energy,2933417220.675,0,164.42092195142504
655,morning1,Pinebush,SB,3,21,Total Energy,3171906771.709,0,100.16261778993048
656,morning1,Pinebush,SB,2,21,Total Energy,2094139964.9870002,0,214.7674361102851
658,morning1,Pinebush,SB,1,21,Total Energy,2538485201.698,0,58.0905832935004
661,morning1,Hwy401,NB,47,21,Total Energy,6264808640.51,0,355.5015263788409
663,morning1,Hwy401,NB,46,21,Total Energy,8776397449.880001,0,832.9575781434048
667,morning1,Hwy401,NB,45,21,Total Energy,6714518638.52,0,339.95845736067275
670,morning1,Hwy401,NB,44,21,Total Energy,2930861982.727,0,403.8312677958419
674,morning1,Hwy401,NB,43,21,Total Energy,6743501644.77,0,785.8441698608377
676,morning1,Hwy401,NB,42,21,Total Energy,3669372944.452,0,288.05354959052374
678,morning1,Hwy401,NB,41,21,Total Energy,7015193413.45,0,898.407888969796
681,morning1,Hwy401,NB,40,21,Total Energy,7142037915.0599985,0,293.63604501788456
684,morning1,Hwy401,NB,39,21,Total Energy,2482534549.77,0,284.78416790451666
688,morning1,Hwy401,NB,38,21,Total Energy,5118965860.190001,0,404.1547349653225
691,morning1,Hwy401,NB,37,21,Total Energy,5252035004.440001,0,300.8175164424856
693,morning1,Hwy401,NB,36,21,Total Energy,5908913320.78,0,353.43405446675683
696,morning1,Hwy401,NB,35,21,Total Energy,6936740167.05,0,673.3808765712704
698,morning1,Hwy401,NB,34,21,Total Energy,7567991404.14,0,490.64749772337206
701,morning1,Hwy401,NB,33,21,Total Energy,2566058710.2520003,0,151.09265490711658
704,morning1,Hwy401,NB,32,21,Total Energy,8490569543.52,0,959.601481095784
707,morning1,Hwy401,NB,31,21,Total Energy,8801943886.76,0,476.9294022925562
709,morning1,Hwy401,NB,30,21,Total Energy,4814527685.32,0,214.2265377115193
712,morning1,Hwy401,NB,29,21,Total Energy,3713152851.68,0,256.7627502428954
716,morning1,Hwy401,NB,28,21,Total Energy,3278323594.552,0,282.87656771033875
720,morning1,Hwy401,NB,27,21,Total Energy,8926190474.43,0,869.4362290991996
723,morning1,Hwy401,NB,26,21,Total Energy,4189301941.77,0,370.16682346095865
725,morning1,Hwy401,NB,25,21,Total Energy,7606110601.139998,0,858.4784422502048
727,morning1,Hwy401,NB,24,21,Total Energy,2726125566.936,0,139.40872009822226
729,morning1,Hwy401,NB,23,21,Total Energy,5094549511.34,0,512.7466987601872
731,morning1,Hwy401,NB,22,21,Total Energy,5576983148.41,0,237.13709295620143
734,morning1,Hwy401,NB,21,21,Total Energy,6360936050.26,0,385.2170208748007
738,morning1,Hwy401,NB,20,21,Total Energy,6856070696.18,0,377.9527218782828
742,morning1,Hwy401,NB,19,21,Total Energy,3519804616.7790008,0,387.57405505851744
746,morning1,Hwy401,NB,18,21,Total Energy,5636700180.690001,0,761.0730127118345
749,morning1,Hwy401,NB,17,21,Total Energy,4225537125.6,0,395.4324895989023
751,morning1,Hwy401,NB,16,21,Total Energy,7949095666.88,0,685.9571513886793
754,morning1,Hwy401,NB,15,21,Total Energy,9217426876.72,0,510.09897848576765
758,morning1,Hwy401,NB,14,21,Total Energy,5162044166.3,0,482.9883522654986
761,morning1,Hwy401,NB,13,21,Total Energy,5122666988.21,0,139.5330079714069
765,morning1,Hwy401,NB,12,21,Total Energy,6065705398.860001,0,333.9413912266112
769,morning1,Hwy401,NB,11,21,Total Energy,6136137694.190001,0,452.81933336382514
773,morning1,Hwy401,NB,10,21,Total Energy,5292572790.77,0,301.10542322543967
776,morning1,Hwy401,NB,9,21,Total Energy,4278567358.71,0,537.6343929521122
779,morning1,Hwy401,NB,8,21,Total Energy,6509910754.55,0,296.27354579466044
783,morning1,Hwy401,NB,7,21,Total Energy,5156066501.809999,0,319.36941365328397
786,morning1,Hwy401,NB,6,21,Total Energy,4303329095.440001,0,276.9718150414394
789,morning1,Hwy401,NB,5,21,Total Energy,3828260562.23,0,437.5767363780127
792,morning1,Hwy401,NB,4,21,Total Energy,5857093561.82,0,846.7476091964197
796,morning1,Hwy401,NB,3,21,Total Energy,3498187488.5059996,0,254.95144377271808
798,morning1,Hwy401,NB,2,21,Total Energy,5172829907.27,0,299.7449369348414
802,morning1,Hwy401,NB,1,21,Total Energy,6146498307.38,0,387.36156156445463
803,morning2,Dunbar,SB,35,21,Total Energy,2972358040.206,0,297.31764392445234
804,morning2,Dunbar,SB,34,21,Total Energy,2718641396.25,0,362.1970658767729
807,morning2,Dunbar,SB,33,21,Total Energy,2387151604.91,0,216.57361964544026
809,morning2,Dunbar,SB,32,21,Total Energy,3642349014.797,0,286.3965158763206
811,morning2,Dunbar,SB,31,21,Total Energy,3870942611.37,0,364.3791554732312
814,morning2,Dunbar,SB,30,21,Total Energy,3685065191.697,0,323.2456378510032
817,morning2,Dunbar,SB,29,21,Total Energy,6202735387.41,0,313.7911815481842
819,morning2,Dunbar,SB,28,21,Total Energy,1346723211.283,0,143.80749062602146
822,morning2,Dunbar,SB,27,21,Total Energy,2794559826.3970003,0,115.96403796841624
825,morning2,Dunbar,SB,26,21,Total Energy,2954345042.6280003,0,157.7315583740403
828,morning2,Dunbar,SB,25,21,Total Energy,3331966888.5540004,0,331.60676778826087
829,morning2,Dunbar,SB,24,21,Total Energy,3432659239.791,0,319.00629419299673
832,morning2,Dunbar,SB,23,21,Total Energy,3696313902.754,0,455.8194516143484
834,morning2,Dunbar,SB,22,21,Total Energy,3035442148.488,0,138.03643971839702
838,morning2,Dunbar,SB,21,21,Total Energy,2727214789.854,0,180.48671455836327
840,morning2,Dunbar,SB,20,21,Total Energy,1764866725.1379998,0,153.01658364777418
841,morning2,Dunbar,SB,19,21,Total Energy,2928731050.07,0,316.4614159434378
845,morning2,Dunbar,SB,18,21,Total Energy,4047727099.01,0,491.9223623943824
847,morning2,Dunbar,SB,17,21,Total Energy,3661731010.8890004,0,260.8798981036224
849,morning2,Dunbar,SB,16,21,Total Energy,3540706234.294,0,275.6451291308352
851,morning2,Dunbar,SB,15,21,Total Energy,5600674198.5,0,504.40637207458747
854,morning2,Dunbar,SB,14,21,Total Energy,3466250004.318,0,207.2320769011054
856,morning2,Dunbar,SB,13,21,Total Energy,3796554186.75,0,363.2667871486382
857,morning2,Dunbar,SB,12,21,Total Energy,1748609929.2270002,0,185.6113722170413
860,morning2,Dunbar,SB,11,21,Total Energy,1036719567.65,0,107.22954114430858
863,morning2,Dunbar,SB,10,21,Total Energy,2855685548.662,0,360.2825748516214
864,morning2,Dunbar,SB,9,21,Total Energy,3940514377.61,0,329.3860714757159
866,morning2,Dunbar,SB,8,21,Total Energy,4763695528.48,0,405.9559073709658
869,morning2,Dunbar,SB,7,21,Total Energy,5833696047.07,0,604.0769506631162
872,morning2,Dunbar,SB,6,21,Total Energy,2422778755.05,0,376.75568330577994
873,morning2,Dunbar,SB,5,21,Total Energy,2062693087.714,0,133.73037486562419
876,morning2,Dunbar,SB,4,21,Total Energy,3241886699.6,0,333.83782762804105
879,morning2,Dunbar,SB,3,21,Total Energy,3026324354.65,0,436.7389703211844
881,morning2,Dunbar,SB,2,21,Total Energy,2074843101.312,0,215.187824399019
883,morning2,Dunbar,SB,1,21,Total Energy,1952101250.24,0,271.30686430075815
884,morning2,Bishop,NB,45,21,Total Energy,3943165847.99,0,446.9329497397801
886,morning2,Bishop,NB,44,21,Total Energy,6564919194.29,0,274.0079507426687
888,morning2,Bishop,NB,43,21,Total Energy,7887025253.77,0,344.29542128742116
891,morning2,Bishop,NB,42,21,Total Energy,5843936844.889999,0,547.2609058179323
894,morning2,Bishop,NB,41,21,Total Energy,4948997182.41,0,551.410158683438
896,morning2,Bishop,NB,40,21,Total Energy,3009903584.505,0,227.70215949973274
897,morning2,Bishop,NB,39,21,Total Energy,5768383176.92,0,191.43397851348445
899,morning2,Bishop,NB,38,21,Total Energy,5332191957.690001,0,579.9358191397976
903,morning2,Bishop,NB,37,21,Total Energy,5300004107.16,0,344.0528403689176
906,morning2,Bishop,NB,36,21,Total Energy,6450019156.35,0,254.67954041717445
908,morning2,Bishop,NB,35,21,Total Energy,3901399675.9,0,355.27738928974236
911,morning2,Bishop,NB,34,21,Total Energy,4585527883.91,0,602.9901893672384
914,morning2,Bishop,NB,33,21,Total Energy,6246086200.889999,0,385.54410107951134
917,morning2,Bishop,NB,32,21,Total Energy,9055860281.03,0,352.5629199956749
919,morning2,Bishop,NB,31,21,Total Energy,4556357400.360001,0,358.5611316770696
923,morning2,Bishop,NB,30,21,Total Energy,4214114998.82,0,440.9260286405232
924,morning2,Bishop,NB,29,21,Total Energy,7875365819.87,0,335.99445287781174
926,morning2,Bishop,NB,28,21,Total Energy,9574078121.8,0,418.9572729027787
927,morning2,Bishop,NB,27,21,Total Energy,6133840316.46,0,289.06238807052864
929,morning2,Bishop,NB,26,21,Total Energy,4741301084.15,0,532.4882978790948
930,morning2,Bishop,NB,25,21,Total Energy,4929014347.940001,0,189.83208900462355
932,morning2,Bishop,NB,24,21,Total Energy,8404623370.8,0,391.7730406150498
936,morning2,Bishop,NB,23,21,Total Energy,9842220776.99,0,369.26252371355065
940,morning2,Bishop,NB,22,21,Total Energy,8419041676.27,0,790.8365628735536
942,morning2,Bishop,NB,21,21,Total Energy,7246291999.91,0,781.7118770226201
944,morning2,Bishop,NB,20,21,Total Energy,4022521876.32,0,336.7520770340486
947,morning2,Bishop,NB,19,21,Total Energy,4970635764.110001,0,352.20658672448644
949,morning2,Bishop,NB,18,21,Total Energy,5486965072.49,0,677.7017904578317
952,morning2,Bishop,NB,17,21,Total Energy,6112670857.29,0,393.796061522894
954,morning2,Bishop,NB,16,21,Total Energy,4029003585.47,0,550.3457482536406
956,morning2,Bishop,NB,15,21,Total Energy,5896212861.07,0,295.9257516561624
959,morning2,Bishop,NB,14,21,Total Energy,8178598251.1,0,324.90594071894463
962,morning2,Bishop,NB,13,21,Total Energy,6771884764.72,0,247.27691918083343
964,morning2,Bishop,NB,12,21,Total Energy,5567158970.74,0,385.53730466414964
967,morning2,Bishop,NB,11,21,Total Energy,9896693784.82,0,766.9665761034837
969,morning2,Bishop,NB,10,21,Total Energy,6530547955.21,0,767.6517104378287
971,morning2,Bishop,NB,9,21,Total Energy,3943395113.11,0,161.5128791309823
974,morning2,Bishop,NB,8,21,Total Energy,7776524184.18,0,574.5107038902045
976,morning2,Bishop,NB,7,21,Total Energy,6040910011.88,0,610.9831420543218
978,morning2,Bishop,NB,6,21,Total Energy,4551758941.04,0,393.3324409370748
979,morning2,Bishop,NB,5,21,Total Energy,6843598952.08,0,332.4493127047021
982,morning2,Bishop,NB,4,21,Total Energy,10591725806.55,0,520.8810586104977
986,morning2,Bishop,NB,3,21,Total Energy,7901513841.860002,0,435.36390504559336
989,morning2,Bishop,NB,2,21,Total Energy,6430488301.2,0,426.93232053418814
992,morning2,Bishop,NB,1,21,Total Energy,6600827911.12,0,479.60367697361886
994,morning2,Bishop,SB,45,21,Total Energy,2879927909.85,0,207.8565888842064
996,morning2,Bishop,SB,44,21,Total Energy,3219212060.27,0,215.83333023581588
998,morning2,Bishop,SB,43,21,Total Energy,4632042316.2,0,342.17894097045337
1001,morning2,Bishop,SB,42,21,Total Energy,3830633867.4,0,387.5350778497921
1003,morning2,Bishop,SB,41,21,Total Energy,3458323412.749,0,367.55281766831774
1006,morning2,Bishop,SB,40,21,Total Energy,3874657455.56,0,574.0652339814417
1008,morning2,Bishop,SB,39,21,Total Energy,4468764969.75,0,288.36715787870867
1010,morning2,Bishop,SB,38,21,Total Energy,5125195954.7,0,603.7709211459613
1013,morning2,Bishop,SB,37,21,Total Energy,4004996859.66,0,266.72617734137606
1016,morning2,Bishop,SB,36,21,Total Energy,4971412142.690001,0,492.77183300583465
1018,morning2,Bishop,SB,35,21,Total Energy,4112407528.91,0,655.4209374367832
1021,morning2,Bishop,SB,34,21,Total Energy,1094468972.471,0,90.16824912419581
1025,morning2,Bishop,SB,33,21,Total Energy,3677092769.198,0,279.3157207459745
1029,morning2,Bishop,SB,32,21,Total Energy,4526967839.09,0,525.3084465329607
1033,morning2,Bishop,SB,31,21,Total Energy,3115715337.053,0,558.6074491883236
1036,morning2,Bishop,SB,30,21,Total Energy,4185484100.45,0,291.2357595244688
1039,morning2,Bishop,SB,29,21,Total Energy,5879357902.04,0,194.06527466248338
1043,morning2,Bishop,SB,28,21,Total Energy,4530980542.360001,0,300.2877736805079
1047,morning2,Bishop,SB,27,21,Total Energy,3615989713.552,0,466.1388535487183
1051,morning2,Bishop,SB,26,21,Total Energy,4064095972.17,0,525.2890189857803
1052,morning2,Bishop,SB,25,21,Total Energy,4371831746.07,0,224.16576794004717
1055,morning2,Bishop,SB,24,21,Total Energy,3914467609.26,0,190.0080101367385
1058,morning2,Bishop,SB,23,21,Total Energy,4754948433.79,0,246.68333188066669
1061,morning2,Bishop,SB,22,21,Total Energy,6344970961.55,0,471.4421456331111
1063,morning2,Bishop,SB,21,21,Total Energy,4156738510.35,0,262.3596891816107
1065,morning2,Bishop,SB,20,21,Total Energy,4996365514.25,0,282.58481805074416
1069,morning2,Bishop,SB,19,21,Total Energy,4315377315.93,0,385.12445028073455
1073,morning2,Bishop,SB,18,21,Total Energy,4052828352.73,0,335.5642867890407
1076,morning2,Bishop,SB,17,21,Total Energy,6336436953.43,0,451.35093779321164
1079,morning2,Bishop,SB,16,21,Total Energy,3481439029.7609997,0,317.7632170418103
1081,morning2,Bishop,SB,15,21,Total Energy,5000927596.68,0,389.92058265372765
1083,morning2,Bishop,SB,14,21,Total Energy,4340005011.860001,0,477.1122651751738
1086,morning2,Bishop,SB,13,21,Total Energy,2446930532.2520003,0,338.56023847030764
1090,morning2,Bishop,SB,12,21,Total Energy,3604709757.697,0,173.13299813632713
1093,morning2,Bishop,SB,11,21,Total Energy,4979333985.71,0,609.6059622249595
1095,morning2,Bishop,SB,10,21,Total Energy,4012026441.12,0,422.80517375224196
1097,morning2,Bishop,SB,9,21,Total Energy,4579414865.389999,0,474.4779379337867
1100,morning2,Bishop,SB,8,21,Total Energy,5410974013.42,0,390.61060600406756
1103,morning2,Bishop,SB,7,21,Total Energy,5725515102.18,0,529.7704602518058
1106,morning2,Bishop,SB,6,21,Total Energy,2909531539.9540005,0,490.1363536260333
1108,morning2,Bishop,SB,5,21,Total Energy,1199068326.838,0,94.209228346448
1111,morning2,Bishop,SB,4,21,Total Energy,4675419616.84,0,335.0638795997647
1114,morning2,Bishop,SB,3,21,Total Energy,5051246997.559999,0,517.7565856665509
1117,morning2,Bishop,SB,2,21,Total Energy,4788588615.95,0,138.44224621056398
1120,morning2,Bishop,SB,1,21,Total Energy,4907435349.23,0,460.71543554812285
1123,morning2,Sheldon,NB,38,21,Total Energy,6486619491.889999,0,717.2482974557346
1125,morning2,Sheldon,NB,37,21,Total Energy,4812955751.1,0,513.4769484339516
1128,morning2,Sheldon,NB,36,21,Total Energy,6509744740.05,0,767.579000546111
1130,morning2,Sheldon,NB,35,21,Total Energy,5037577044.1,0,478.8614834717082
1131,morning2,Sheldon,NB,34,21,Total Energy,5817621916.08,0,491.0670926631905
1133,morning2,Sheldon,NB,33,21,Total Energy,5955022884.68,0,451.25133320112315
1136,morning2,Sheldon,NB,32,21,Total Energy,5625154461.22,0,714.081318803387
1138,morning2,Sheldon,NB,31,21,Total Energy,4337832732.360001,0,752.809651738925
1141,morning2,Sheldon,NB,30,21,Total Energy,3971545677.08,0,535.3355230566074
1145,morning2,Sheldon,NB,29,21,Total Energy,7759264730.23,0,1003.0922119299147
1148,morning2,Sheldon,NB,28,21,Total Energy,5704101850.34,0,1096.909398278613
1151,morning2,Sheldon,NB,27,21,Total Energy,5943715779.8,0,602.0080186734929
1153,morning2,Sheldon,NB,26,21,Total Energy,9227077109.95,0,1108.839575854698
1156,morning2,Sheldon,NB,25,21,Total Energy,4838565938.45,0,1074.6409385425893
1158,morning2,Sheldon,NB,24,21,Total Energy,5270551406.33,0,473.15015894195517
1159,morning2,Sheldon,NB,23,21,Total Energy,6370908953.860001,0,655.8223274830907
1161,morning2,Sheldon,NB,22,21,Total Energy,5684868363.72,0,908.4226352378553
1165,morning2,Sheldon,NB,21,21,Total Energy,6494577734.84,0,601.2676890473974
1167,morning2,Sheldon,NB,20,21,Total Energy,3555746675.694,0,643.8316120901989
1169,morning2,Sheldon,NB,19,21,Total Energy,4994475278.63,0,883.7241343402754
1171,morning2,Sheldon,NB,18,21,Total Energy,3326417725.52,0,537.5793179611856
1173,morning2,Sheldon,NB,17,21,Total Energy,6181016103.84,0,917.4201216563686
1175,morning2,Sheldon,NB,16,21,Total Energy,7585010983.9,0,544.6732275015087
1177,morning2,Sheldon,NB,15,21,Total Energy,7948359399.0,0,760.4960524389978
1179,morning2,Sheldon,NB,14,21,Total Energy,7178467520.389998,0,742.7246025925232
1182,morning2,Sheldon,NB,13,21,Total Energy,9122481286.95,0,642.7375352619948
1185,morning2,Sheldon,NB,12,21,Total Energy,6873894568.22,0,440.6761337618209
1189,morning2,Sheldon,NB,11,21,Total Energy,10661052255.13,0,632.3114851088377
1192,morning2,Sheldon,NB,10,21,Total Energy,6993080039.15,0,1136.4118139356087
1194,morning2,Sheldon,NB,9,21,Total Energy,5445073995.25,0,602.7723523677895
1197,morning2,Sheldon,NB,8,21,Total Energy,8074556239.1,0,1203.6084435130272
1199,morning2,Sheldon,NB,7,21,Total Energy,6338208006.92,0,653.8828881555529
1201,morning2,Sheldon,NB,6,21,Total Energy,5675361863.389999,0,421.68321853462515
1204,morning2,Sheldon,NB,5,21,Total Energy,7679710270.08,0,651.9615416505343
1207,morning2,Sheldon,NB,4,21,Total Energy,4942767457.58,0,794.9756264718442
1209,morning2,Sheldon,NB,3,21,Total Energy,5312202627.13,0,595.4110039401961
1212,morning2,Sheldon,NB,2,21,Total Energy,5418802184.639999,0,529.7881493824729
1214,morning2,Sheldon,NB,1,21,Total Energy,7771477023.4400015,0,859.5758130545711
1217,morning2,Sheldon,SB,38,21,Total Energy,2635106292.098,0,190.31540708154017
1219,morning2,Sheldon,SB,37,21,Total Energy,4895635142.49,0,230.244157843218
1222,morning2,Sheldon,SB,36,21,Total Energy,4509070989.91,0,641.2285036320853
1225,morning2,Sheldon,SB,35,21,Total Energy,4364097379.2,0,538.9942534413103
1228,morning2,Sheldon,SB,34,21,Total Energy,7378730958.41,0,1008.7605982793933
1231,morning2,Sheldon,SB,33,21,Total Energy,4957994804.32,0,319.98686648919073
1233,morning2,Sheldon,SB,32,21,Total Energy,4434456433.66,0,854.7143582851361
1236,morning2,Sheldon,SB,31,21,Total Energy,3429585969.843,0,375.0835706288223
1239,morning2,Sheldon,SB,30,21,Total Energy,6910759773.26,0,429.527727019589
1240,morning2,Sheldon,SB,29,21,Total Energy,3064950655.822,0,743.6728668616875
1243,morning2,Sheldon,SB,28,21,Total Energy,4706445473.639999,0,641.0074901870595
1247,morning2,Sheldon,SB,27,21,Total Energy,4428229552.940001,0,142.17057139935466
1251,morning2,Sheldon,SB,26,21,Total Energy,7245131474.6900015,0,460.51001321334456
1254,morning2,Sheldon,SB,25,21,Total Energy,3859753489.15,0,709.0572456171616
1257,morning2,Sheldon,SB,24,21,Total Energy,5957611540.690001,0,670.4608750466181
1261,morning2,Sheldon,SB,23,21,Total Energy,5702038057.13,0,394.53592402249967
1265,morning2,Sheldon,SB,22,21,Total Energy,4825446758.41,0,358.25995763570256
1268,morning2,Sheldon,SB,21,21,Total Energy,3646348152.8320003,0,193.96162694349
1271,morning2,Sheldon,SB,20,21,Total Energy,3149973322.648,0,351.6442524816577
1274,morning2,Sheldon,SB,19,21,Total Energy,5986969264.15,0,331.7255753923975
1277,morning2,Sheldon,SB,18,21,Total Energy,4756865193.83,0,619.4373868730911
1280,morning2,Sheldon,SB,17,21,Total Energy,3919524163.57,0,210.15941368249665
1284,morning2,Sheldon,SB,16,21,Total Energy,4066802990.1,0,466.2037221516857
1288,morning2,Sheldon,SB,15,21,Total Energy,4342601498.0,0,691.6276810161099
1291,morning2,Sheldon,SB,14,21,Total Energy,3581085577.16,0,239.80119019503968
1294,morning2,Sheldon,SB,13,21,Total Energy,4083479030.53,0,679.3977695807281
1296,morning2,Sheldon,SB,12,21,Total Energy,3286707040.317,0,502.6610783821868
1297,morning2,Sheldon,SB,11,21,Total Energy,2043753597.492,0,196.42079860390538
1300,morning2,Sheldon,SB,10,21,Total Energy,4967075759.97,0,303.3795810135564
1303,morning2,Sheldon,SB,9,21,Total Energy,5391475514.78,0,737.7030821186718
1306,morning2,Sheldon,SB,8,21,Total Energy,3596252405.9890003,0,451.88825212429947
1308,morning2,Sheldon,SB,7,21,Total Energy,1902928839.951,0,220.8607213172833
1311,morning2,Sheldon,SB,6,21,Total Energy,4448152108.690001,0,746.0392897867949
1314,morning2,Sheldon,SB,5,21,Total Energy,6341662611.32,0,377.4410473018218
1317,morning2,Sheldon,SB,4,21,Total Energy,4661943746.52,0,428.1393460933528
1320,morning2,Sheldon,SB,3,21,Total Energy,3212149209.104,0,554.0288119216001
1323,morning2,Sheldon,SB,2,21,Total Energy,3797829527.69,0,228.91492184640853
1325,morning2,Sheldon,SB,1,21,Total Energy,3813540072.65,0,271.9279269515528
1327,morning2,Pinebush,NB,26,21,Total Energy,8476161959.25,0,463.5567860412273
1329,morning2,Pinebush,NB,25,21,Total Energy,7231184635.82,0,462.8731404560432
1331,morning2,Pinebush,NB,24,21,Total Energy,4458387461.51,0,271.9668369340676
1334,morning2,Pinebush,NB,23,21,Total Energy,7904311338.4400015,0,305.7886895476885
1337,morning2,Pinebush,NB,22,21,Total Energy,7722696172.639998,0,362.3909511373673
1341,morning2,Pinebush,NB,21,21,Total Energy,7277184199.73,0,437.9833486459275
1345,morning2,Pinebush,NB,20,21,Total Energy,8034428715.74,0,540.8617877751751
1349,morning2,Pinebush,NB,19,21,Total Energy,6666081152.72,0,345.71403272833743
1351,morning2,Pinebush,NB,18,21,Total Energy,9841889291.72,0,640.9006547916965
1354,morning2,Pinebush,NB,17,21,Total Energy,5082236119.83,0,251.23772889346586
1357,morning2,Pinebush,NB,16,21,Total Energy,12168330505.88,0,537.8364517925178
1361,morning2,Pinebush,NB,15,21,Total Energy,8698972995.93,0,466.1372115270754
1363,morning2,Pinebush,NB,14,21,Total Energy,4799004063.91,0,185.97596506709098
1366,morning2,Pinebush,NB,13,21,Total Energy,6333988963.26,0,444.18537502841934
1368,morning2,Pinebush,NB,12,21,Total Energy,8025645772.9,0,333.402157890983
1371,morning2,Pinebush,NB,11,21,Total Energy,6689899641.75,0,583.9034028701341
1373,morning2,Pinebush,NB,10,21,Total Energy,7390425264.59,0,289.79307187490843
1376,morning2,Pinebush,NB,9,21,Total Energy,8902547028.380001,0,716.4506063479288
1380,morning2,Pinebush,NB,8,21,Total Energy,8745494175.84,0,440.37125575740305
1383,morning2,Pinebush,NB,7,21,Total Energy,6609760343.6,0,420.5639596180845
1386,morning2,Pinebush,NB,6,21,Total Energy,6292743413.83,0,409.32656274336404
1389,morning2,Pinebush,NB,5,21,Total Energy,5934277322.13,0,261.74898116195925
1392,morning2,Pinebush,NB,4,21,Total Energy,8921506759.92,0,560.4723130305002
1395,morning2,Pinebush,NB,3,21,Total Energy,8468542903.34,0,597.6358782912716
1398,morning2,Pinebush,NB,2,21,Total Energy,8086392938.17,0,390.2778562793595
1400,morning2,Pinebush,NB,1,21,Total Energy,7328234431.4400015,0,407.82262363056213
1402,morning2,Pinebush,SB,26,21,Total Energy,5164763328.0,0,302.71583162071516
1403,morning2,Pinebush,SB,25,21,Total Energy,3306741681.3929996,0,342.25179634009965
1405,morning2,Pinebush,SB,24,21,Total Energy,2237340532.452,0,132.29392333322798
1408,morning2,Pinebush,SB,23,21,Total Energy,6249953908.13,0,152.6779514282346
1410,morning2,Pinebush,SB,22,21,Total Energy,6411141027.91,0,105.14547321228355
1413,morning2,Pinebush,SB,21,21,Total Energy,3530491160.481,0,296.94778542422387
1414,morning2,Pinebush,SB,20,21,Total Energy,718655027.06,0,52.170996514298885
1417,morning2,Pinebush,SB,19,21,Total Energy,2579486429.711,0,81.65235241233856
1420,morning2,Pinebush,SB,18,21,Total Energy,3830608542.77,0,262.83904567259987
1423,morning2,Pinebush,SB,17,21,Total Energy,2097534672.186,0,80.73177097163884
1425,morning2,Pinebush,SB,16,21,Total Energy,2713406777.0030003,0,64.32015311828944
1428,morning2,Pinebush,SB,15,21,Total Energy,3679292543.5829997,0,143.63446402114266
1431,morning2,Pinebush,SB,14,21,Total Energy,2401481392.247,0,78.55748741624495
1434,morning2,Pinebush,SB,13,21,Total Energy,2449283442.149,0,249.88484158773926
1436,morning2,Pinebush,SB,12,21,Total Energy,2672544233.304,0,66.3508348804655
1440,morning2,Pinebush,SB,11,21,Total Energy,4790693238.92,0,176.95350862156758
1443,morning2,Pinebush,SB,10,21,Total Energy,3841408023.92,0,386.18189852460665
1445,morning2,Pinebush,SB,9,21,Total Energy,2729859273.061,0,75.4794822143834
1447,morning2,Pinebush,SB,8,21,Total Energy,3582228111.944,0,176.13064586473484
1450,morning2,Pinebush,SB,7,21,Total Energy,2637492790.227,0,244.40648327273485
1453,morning2,Pinebush,SB,6,21,Total Energy,5057388102.98,0,220.4222934238948
1456,morning2,Pinebush,SB,5,21,Total Energy,3876483262.31,0,174.01665880658302
1459,morning2,Pinebush,SB,4,21,Total Energy,3696128512.8890004,0,271.56938511303235
1461,morning2,Pinebush,SB,3,21,Total Energy,6460187356.35,0,188.71284185006772
1465,morning2,Pinebush,SB,2,21,Total Energy,5480096997.34,0,362.0771236299467
1467,morning2,Pinebush,SB,1,21,Total Energy,2426089867.1229997,0,168.57918553294957
1471,morning2,Hwy401,NB,45,21,Total Energy,8350743309.5599985,0,614.0934608145487
1475,morning2,Hwy401,NB,44,21,Total Energy,4592833040.17,0,185.4842201959184
1479,morning2,Hwy401,NB,43,21,Total Energy,4127275180.5,0,241.11177144540906
1481,morning2,Hwy401,NB,42,21,Total Energy,5934873727.65,0,267.3146123799913
1484,morning2,Hwy401,NB,41,21,Total Energy,6203670700.48,0,523.2726943595943
1487,morning2,Hwy401,NB,40,21,Total Energy,7956725414.7,0,846.4694704589623
1490,morning2,Hwy401,NB,39,21,Total Energy,5073696654.690001,0,214.76819123251067
1494,morning2,Hwy401,NB,38,21,Total Energy,5177526625.85,0,610.975182012545
1498,morning2,Hwy401,NB,37,21,Total Energy,5319397334.8,0,240.87646570821136
1502,morning2,Hwy401,NB,36,21,Total Energy,5226748966.95,0,331.2928664428974
1506,morning2,Hwy401,NB,35,21,Total Energy,3950827869.42,0,354.13714672846703
1509,morning2,Hwy401,NB,34,21,Total Energy,3525328322.809,0,414.52977464318667
1513,morning2,Hwy401,NB,33,21,Total Energy,6101153748.190001,0,620.3719043191834
1516,morning2,Hwy401,NB,32,21,Total Energy,9229104512.88,0,420.36355654577653
1519,morning2,Hwy401,NB,31,21,Total Energy,6231726785.059999,0,457.98748545034437
1523,morning2,Hwy401,NB,30,21,Total Energy,6884968054.55,0,409.76325374447146
1526,morning2,Hwy401,NB,29,21,Total Energy,4288261689.78,0,419.1384598260773
1528,morning2,Hwy401,NB,28,21,Total Energy,7692589149.84,0,841.3303245392772
1530,morning2,Hwy401,NB,27,21,Total Energy,2158232712.622,0,266.68718120751305
1534,morning2,Hwy401,NB,26,21,Total Energy,5495933403.0,0,483.06301314233184
1536,morning2,Hwy401,NB,25,21,Total Energy,4171586443.35,0,304.71491305510614
1539,morning2,Hwy401,NB,24,21,Total Energy,5530189369.74,0,562.5434004285039
1542,morning2,Hwy401,NB,23,21,Total Energy,6137906720.13,0,286.11036872710184
1544,morning2,Hwy401,NB,22,21,Total Energy,3028647807.283,0,183.10300226700008
1546,morning2,Hwy401,NB,21,21,Total Energy,6597199723.809999,0,397.90958786205147
1550,morning2,Hwy401,NB,20,21,Total Energy,4680501535.96,0,318.15657360167313
1553,morning2,Hwy401,NB,19,21,Total Energy,5786589074.74,0,416.63959108090376
1556,morning2,Hwy401,NB,18,21,Total Energy,4907753008.610001,0,279.2703448765863
1559,morning2,Hwy401,NB,17,21,Total Energy,3953306913.55,0,340.1765984091156
1561,morning2,Hwy401,NB,16,21,Total Energy,9359215056.56,0,783.0633641511487
1565,morning2,Hwy401,NB,15,21,Total Energy,8610985408.2,0,417.28024357674826
1569,morning2,Hwy401,NB,14,21,Total Energy,6840305179.55,0,655.7659462022099
1572,morning2,Hwy401,NB,13,21,Total Energy,6783455503.05,0,184.7004631109763
1575,morning2,Hwy401,NB,12,21,Total Energy,5875270349.41,0,275.3108643488718
1577,morning2,Hwy401,NB,11,21,Total Energy,5856682109.71,0,461.3172962024585
1581,morning2,Hwy401,NB,10,21,Total Energy,7345677228.48,0,497.36301008230936
1585,morning2,Hwy401,NB,9,21,Total Energy,6645879006.23,0,530.1541275581259
1587,morning2,Hwy401,NB,8,21,Total Energy,8689340678.65,0,298.48706831683165
1590,morning2,Hwy401,NB,7,21,Total Energy,7598723839.76,0,454.81703281874223
1593,morning2,Hwy401,NB,6,21,Total Energy,7027959633.18,0,273.39426627037756
1596,morning2,Hwy401,NB,5,21,Total Energy,7725073111.59,0,686.9939417061464
1599,morning2,Hwy401,NB,4,21,Total Energy,7488836617.63,0,285.5817879293512
1602,morning2,Hwy401,NB,3,21,Total Energy,7241344803.07,0,372.25652519252924
1605,morning2,Hwy401,NB,2,21,Total Energy,4818504439.41,0,325.51063605488946
1606,morning2,Hwy401,NB,1,21,Total Energy,6988176504.83,0,405.80086344581355
1608,morning3,Dunbar,SB,35,21,Total Energy,5400982445.09,0,643.8139021332618
1611,morning3,Dunbar,SB,34,21,Total Energy,2381904237.249,0,289.44484828595796
1614,morning3,Dunbar,SB,33,21,Total Energy,3534948419.6270003,0,281.25256587156747
1617,morning3,Dunbar,SB,32,21,Total Energy,2287640023.3570004,0,257.5842338478496
1620,morning3,Dunbar,SB,31,21,Total Energy,1821770377.3579998,0,289.4118893928803
1623,morning3,Dunbar,SB,30,21,Total Energy,2126967991.793,0,259.7942415957731
1625,morning3,Dunbar,SB,29,21,Total Energy,3952546996.54,0,439.3883740834935
1628,morning3,Dunbar,SB,28,21,Total Energy,3515651840.189,0,244.31160725859775
1631,morning3,Dunbar,SB,27,21,Total Energy,4228140822.33,0,252.42809764649482
1633,morning3,Dunbar,SB,26,21,Total Energy,3187474182.886,0,362.5852132431536
1635,morning3,Dunbar,SB,25,21,Total Energy,5082986438.78,0,375.76933325103585
1638,morning3,Dunbar,SB,24,21,Total Energy,6667932180.46,0,921.0584133663646
1641,morning3,Dunbar,SB,23,21,Total Energy,5107161170.41,0,286.18602387849666
1644,morning3,Dunbar,SB,22,21,Total Energy,3828984302.33,0,316.26475051879225
1647,morning3,Dunbar,SB,21,21,Total Energy,4879444959.639999,0,291.1129596350977
1649,morning3,Dunbar,SB,20,21,Total Energy,4576092103.940001,0,237.9333200968771
1652,morning3,Dunbar,SB,19,21,Total Energy,3580640023.376,0,184.68894335307647
1654,morning3,Dunbar,SB,18,21,Total Energy,6124583215.79,0,206.5843888531448
1655,morning3,Dunbar,SB,17,21,Total Energy,3836367326.74,0,276.3228589799508
1658,morning3,Dunbar,SB,16,21,Total Energy,3897551621.76,0,437.96005303948135
1660,morning3,Dunbar,SB,15,21,Total Energy,4605389991.28,0,515.5644499055313
1662,morning3,Dunbar,SB,14,21,Total Energy,3747667835.37,0,571.5223980909079
1663,morning3,Dunbar,SB,13,21,Total Energy,2967970937.9820004,0,389.50729485227373
1666,morning3,Dunbar,SB,12,21,Total Energy,3930317520.95,0,256.34735433512265
1669,morning3,Dunbar,SB,11,21,Total Energy,5770897000.32,0,254.9043935454632
1672,morning3,Dunbar,SB,10,21,Total Energy,2908279829.8450003,0,257.3320622356775
1675,morning3,Dunbar,SB,9,21,Total Energy,3318846451.995,0,418.6937458672205
1678,morning3,Dunbar,SB,8,21,Total Energy,2555188783.2790003,0,228.31094381772385
1680,morning3,Dunbar,SB,7,21,Total Energy,2782927701.2040005,0,174.88014606274845
1682,morning3,Dunbar,SB,6,21,Total Energy,4972935322.49,0,439.83066238013566
1685,morning3,Dunbar,SB,5,21,Total Energy,2496216653.537,0,205.06627677814387
1688,morning3,Dunbar,SB,4,21,Total Energy,3426218745.85,0,317.3703696369017
1691,morning3,Dunbar,SB,3,21,Total Energy,4603801552.48,0,351.9303581087665
1693,morning3,Dunbar,SB,2,21,Total Energy,5055174669.51,0,415.5678875178807
1695,morning3,Dunbar,SB,1,21,Total Energy,2447021623.103,0,139.16178347461002
1698,morning3,Bishop,NB,41,21,Total Energy,5307032611.52,0,345.57255332756273
1701,morning3,Bishop,NB,40,21,Total Energy,8153791741.59,0,456.03651778404054
1704,morning3,Bishop,NB,39,21,Total Energy,5498655570.07,0,405.0678471542592
1706,morning3,Bishop,NB,38,21,Total Energy,3938365549.27,0,421.9215912438083
1708,morning3,Bishop,NB,37,21,Total Energy,5645628827.16,0,239.8728625361583
1711,morning3,Bishop,NB,36,21,Total Energy,6369931988.26,0,187.5576757111851
1715,morning3,Bishop,NB,35,21,Total Energy,8414642965.03,0,562.9451288771563
1719,morning3,Bishop,NB,34,21,Total Energy,8761676294.16,0,643.6565905303186
1721,morning3,Bishop,NB,33,21,Total Energy,4990221579.610001,0,657.6618486660658
1723,morning3,Bishop,NB,32,21,Total Energy,4834727895.6,0,422.64128979266405
1726,morning3,Bishop,NB,31,21,Total Energy,6839403707.85,0,390.8282366256106
1729,morning3,Bishop,NB,30,21,Total Energy,3375630666.06,0,128.66996289119007
1733,morning3,Bishop,NB,29,21,Total Energy,6931064070.98,0,168.65080049443318
1737,morning3,Bishop,NB,28,21,Total Energy,8063828588.21,0,584.2571483538297
1740,morning3,Bishop,NB,27,21,Total Energy,6283765361.309999,0,438.7355355041886
1741,morning3,Bishop,NB,26,21,Total Energy,6065937768.47,0,626.301071830453
1743,morning3,Bishop,NB,25,21,Total Energy,5051129379.58,0,403.680540479643
1744,morning3,Bishop,NB,24,21,Total Energy,5825127823.059999,0,382.2218838042098
1748,morning3,Bishop,NB,23,21,Total Energy,3513676101.287,0,158.99915508055338
1750,morning3,Bishop,NB,22,21,Total Energy,3116157280.0940003,0,234.50968589204518
1753,morning3,Bishop,NB,21,21,Total Energy,7694251654.54,0,457.2714930488704
1755,morning3,Bishop,NB,20,21,Total Energy,5920134720.76,0,305.37381597312765
1759,morning3,Bishop,NB,19,21,Total Energy,8529493445.21,0,348.10776794625326
1763,morning3,Bishop,NB,18,21,Total Energy,4945606451.5,0,274.8500392731877
1766,morning3,Bishop,NB,17,21,Total Energy,5930934943.46,0,524.2659803759244
1768,morning3,Bishop,NB,16,21,Total Energy,6722237750.55,0,466.87934078836633
1772,morning3,Bishop,NB,15,21,Total Energy,8540107219.4,0,593.2304644125627
1776,morning3,Bishop,NB,14,21,Total Energy,6136046569.68,0,366.06862437027854
1780,morning3,Bishop,NB,13,21,Total Energy,6027187983.0,0,473.5910198139635
1783,morning3,Bishop,NB,12,21,Total Energy,5490677161.51,0,450.7943847738431
1787,morning3,Bishop,NB,11,21,Total Energy,6542365847.860001,0,324.63028004892817
1790,morning3,Bishop,NB,10,21,Total Energy,5445176662.41,0,383.9247940529552
1792,morning3,Bishop,NB,9,21,Total Energy,5285724009.48,0,611.5450291251025
1794,morning3,Bishop,NB,8,21,Total Energy,4706471040.09,0,436.38800055891136
1795,morning3,Bishop,NB,7,21,Total Energy,4934161859.27,0,432.60176379471903
1798,morning3,Bishop,NB,6,21,Total Energy,7341567066.08,0,418.7131408466881
1800,morning3,Bishop,NB,5,21,Total Energy,7611528732.93,0,213.13130915173915
1801,morning3,Bishop,NB,4,21,Total Energy,7018370692.82,0,503.01238226053914
1802,morning3,Bishop,NB,3,21,Total Energy,7392611484.1900015,0,607.7868963864033
1804,morning3,Bishop,NB,2,21,Total Energy,7128723570.92,0,558.6812498855653
1807,morning3,Bishop,NB,1,21,Total Energy,5035620865.17,0,495.25944641244865
1810,morning3,Bishop,SB,41,21,Total Energy,5321139600.98,0,348.2467974968701
1812,morning3,Bishop,SB,40,21,Total Energy,7057628557.9,0,600.2339357869246
1816,morning3,Bishop,SB,39,21,Total Energy,5639193355.09,0,411.84145638037916
1819,morning3,Bishop,SB,38,21,Total Energy,3456418574.215,0,286.64220145330916
1822,morning3,Bishop,SB,37,21,Total Energy,6828897300.85,0,573.3442514735068
1825,morning3,Bishop,SB,36,21,Total Energy,5939023053.09,0,520.8932481158126
1829,morning3,Bishop,SB,35,21,Total Energy,4994190435.58,0,385.92721100304703
1832,morning3,Bishop,SB,34,21,Total Energy,3960611871.53,0,387.65500407324487
1835,morning3,Bishop,SB,33,21,Total Energy,4985434860.2,0,435.8239560819557
1838,morning3,Bishop,SB,32,21,Total Energy,4400073390.22,0,720.2552336481485
1841,morning3,Bishop,SB,31,21,Total Energy,3346486086.813,0,247.87457982939168
1844,morning3,Bishop,SB,30,21,Total Energy,5267313771.639999,0,566.3657691502909
1847,morning3,Bishop,SB,29,21,Total Energy,4667792252.29,0,573.4492351344003
1850,morning3,Bishop,SB,28,21,Total Energy,3901041120.88,0,239.37876336312675
1854,morning3,Bishop,SB,27,21,Total Energy,7795256821.93,0,623.8697262434733
1857,morning3,Bishop,SB,26,21,Total Energy,4908650068.190001,0,700.1612474444682
1860,morning3,Bishop,SB,25,21,Total Energy,5278140453.23,0,365.3952467287635
1863,morning3,Bishop,SB,24,21,Total Energy,5362696266.16,0,643.8895605664932
1865,morning3,Bishop,SB,23,21,Total Energy,5953227270.59,0,354.7530906250879
1869,morning3,Bishop,SB,22,21,Total Energy,4387545721.41,0,216.29883914310506
1873,morning3,Bishop,SB,21,21,Total Energy,4033741022.34,0,210.82435375728863
1875,morning3,Bishop,SB,20,21,Total Energy,4640921578.63,0,304.5228473994333
1878,morning3,Bishop,SB,19,21,Total Energy,5762382201.08,0,287.11801897291804
1882,morning3,Bishop,SB,18,21,Total Energy,4968495802.190001,0,351.54012806054624
1885,morning3,Bishop,SB,17,21,Total Energy,6102359693.76,0,421.37705664155317
1887,morning3,Bishop,SB,16,21,Total Energy,6019432305.52,0,472.0132916188272
1890,morning3,Bishop,SB,15,21,Total Energy,6768654382.860001,0,699.4561865058963
1893,morning3,Bishop,SB,14,21,Total Energy,3971128293.17,0,425.4330092232486
1896,morning3,Bishop,SB,13,21,Total Energy,4812222400.65,0,481.717534679917
1899,morning3,Bishop,SB,12,21,Total Energy,4970480435.7,0,304.9575985339682
1902,morning3,Bishop,SB,11,21,Total Energy,6050290853.33,0,251.5827141582197
1906,morning3,Bishop,SB,10,21,Total Energy,5860838824.360001,0,555.8957605237305
1909,morning3,Bishop,SB,9,21,Total Energy,5024822806.639999,0,517.0487206969285
1912,morning3,Bishop,SB,8,21,Total Energy,1480681449.336,0,215.70066055622902
1913,morning3,Bishop,SB,7,21,Total Energy,4656106937.7,0,438.6291160278655
1915,morning3,Bishop,SB,6,21,Total Energy,5278962120.17,0,650.0347757713415
1918,morning3,Bishop,SB,5,21,Total Energy,4895986672.1,0,451.19333012350654
1920,morning3,Bishop,SB,4,21,Total Energy,4051430268.69,0,294.09834621195097
1924,morning3,Bishop,SB,3,21,Total Energy,5965090620.29,0,524.5233344951612
1927,morning3,Bishop,SB,2,21,Total Energy,8456129519.71,0,619.5922411770163
1929,morning3,Bishop,SB,1,21,Total Energy,3095667687.532,0,79.40098043552187
1932,morning3,Sheldon,NB,37,21,Total Energy,6977770127.67,0,1083.323913681225
1935,morning3,Sheldon,NB,36,21,Total Energy,5407128504.73,0,589.8353865835472
1937,morning3,Sheldon,NB,35,21,Total Energy,6056300839.37,0,721.2117346492616
1939,morning3,Sheldon,NB,34,21,Total Energy,5777394422.67,0,992.6711325111397
1941,morning3,Sheldon,NB,33,21,Total Energy,5626740480.559999,0,804.8001641421896
1944,morning3,Sheldon,NB,32,21,Total Energy,8900057699.27,0,1037.2977459821589
1947,morning3,Sheldon,NB,31,21,Total Energy,5905521233.51,0,734.5448721624676
1949,morning3,Sheldon,NB,30,21,Total Energy,6528197127.42,0,703.8045204518962
1952,morning3,Sheldon,NB,29,21,Total Energy,6069995075.48,0,623.5995253414593
1954,morning3,Sheldon,NB,28,21,Total Energy,6808290600.87,0,563.4734578945148
1957,morning3,Sheldon,NB,27,21,Total Energy,7208987868.42,0,566.8985510003288
1961,morning3,Sheldon,NB,26,21,Total Energy,9317828172.82,0,724.7210772449753
1963,morning3,Sheldon,NB,25,21,Total Energy,3806610000.75,0,231.8049548024264
1965,morning3,Sheldon,NB,24,21,Total Energy,7520598963.96,0,580.5001000256046
1966,morning3,Sheldon,NB,23,21,Total Energy,4709427362.29,0,377.72577919245003
1968,morning3,Sheldon,NB,22,21,Total Energy,6973714548.37,0,436.9279974661208
1971,morning3,Sheldon,NB,21,21,Total Energy,6805220253.17,0,613.7344374457957
1973,morning3,Sheldon,NB,20,21,Total Energy,5264191793.79,0,744.5474286742357
1976,morning3,Sheldon,NB,19,21,Total Energy,6976634653.690001,0,1166.5450102538616
1979,morning3,Sheldon,NB,18,21,Total Energy,10203858178.6,0,1041.4785986431916
1982,morning3,Sheldon,NB,17,21,Total Energy,6022349422.08,0,1164.1595283140052
1985,morning3,Sheldon,NB,16,21,Total Energy,6898748454.65,0,600.3593884501363
1988,morning3,Sheldon,NB,15,21,Total Energy,7449207757.13,0,1033.0735613905135
1991,morning3,Sheldon,NB,14,21,Total Energy,6606536073.02,0,949.4221852602777
1995,morning3,Sheldon,NB,13,21,Total Energy,5637277947.610001,0,829.2773198328019
1998,morning3,Sheldon,NB,12,21,Total Energy,7219889006.0,0,783.794633929803
2002,morning3,Sheldon,NB,11,21,Total Energy,9601120859.12,0,822.7248776836252
2005,morning3,Sheldon,NB,10,21,Total Energy,5080485882.97,0,630.8059972161365
2006,morning3,Sheldon,NB,9,21,Total Energy,7041605403.42,0,688.6889942373479
2007,morning3,Sheldon,NB,8,21,Total Energy,7256850204.26,0,648.7893160128905
2010,morning3,Sheldon,NB,7,21,Total Energy,6690111110.42,0,605.9314037111589
2014,morning3,Sheldon,NB,6,21,Total Energy,8296785048.12,0,823.7498531124206
2017,morning3,Sheldon,NB,5,21,Total Energy,7652750311.73,0,934.382696722684
2018,morning3,Sheldon,NB,4,21,Total Energy,7765864338.22,0,687.9064016891821
2019,morning3,Sheldon,NB,3,21,Total Energy,6390860712.21,0,920.7634812120772
2021,morning3,Sheldon,NB,2,21,Total Energy,4595699677.24,0,742.6449957134904
2023,morning3,Sheldon,NB,1,21,Total Energy,3938810203.16,0,545.7370795631804
2026,morning3,Sheldon,SB,37,21,Total Energy,5817797558.41,0,580.3469967037498
2028,morning3,Sheldon,SB,36,21,Total Energy,5847132482.24,0,402.0427678663915
2031,morning3,Sheldon,SB,35,21,Total Energy,2668415767.481,0,335.36261206783286
2033,morning3,Sheldon,SB,34,21,Total Energy,4691097106.46,0,592.2194565188826
2035,morning3,Sheldon,SB,33,21,Total Energy,4196108358.41,0,295.9472495027144
2038,morning3,Sheldon,SB,32,21,Total Energy,5101348645.3,0,585.0915511773976
2041,morning3,Sheldon,SB,31,21,Total Energy,4433985240.75,0,459.221642081781
2045,morning3,Sheldon,SB,30,21,Total Energy,2347980928.551,0,126.1167300573203
2048,morning3,Sheldon,SB,29,21,Total Energy,6530001148.84,0,499.6626836138959
2051,morning3,Sheldon,SB,28,21,Total Energy,4185764054.89,0,595.0646869187638
2054,morning3,Sheldon,SB,27,21,Total Energy,5080082136.9,0,339.5405962801392
2057,morning3,Sheldon,SB,26,21,Total Energy,6702303816.77,0,519.4725302934486
2060,morning3,Sheldon,SB,25,21,Total Energy,4337297705.37,0,530.9398037606796
2064,morning3,Sheldon,SB,24,21,Total Energy,4016246153.65,0,162.67565098588932
2068,morning3,Sheldon,SB,23,21,Total Energy,7279742874.27,0,424.25831451024885
2071,morning3,Sheldon,SB,22,21,Total Energy,5035621605.34,0,589.7134903036243
2074,morning3,Sheldon,SB,21,21,Total Energy,5234874437.38,0,409.6964430481952
2076,morning3,Sheldon,SB,20,21,Total Energy,6014593818.47,0,471.89636112564006
2079,morning3,Sheldon,SB,19,21,Total Energy,5380792943.48,0,472.3586638368638
2082,morning3,Sheldon,SB,18,21,Total Energy,4054534916.74,0,377.1140627435385
2085,morning3,Sheldon,SB,17,21,Total Energy,6044901539.62,0,403.28876796608813
2088,morning3,Sheldon,SB,16,21,Total Energy,6009298667.82,0,631.9989957111343
2092,morning3,Sheldon,SB,15,21,Total Energy,4544861164.77,0,515.4850794411699
2095,morning3,Sheldon,SB,14,21,Total Energy,4019074926.93,0,438.0321961954849
2098,morning3,Sheldon,SB,13,21,Total Energy,6805915679.43,0,309.8562685803041
2101,morning3,Sheldon,SB,12,21,Total Energy,4985535668.8,0,767.5818841970993
2104,morning3,Sheldon,SB,11,21,Total Energy,5274702117.6,0,510.13426296893545
2107,morning3,Sheldon,SB,10,21,Total Energy,5146368120.42,0,254.91204036347423
2110,morning3,Sheldon,SB,9,21,Total Energy,3925625878.57,0,573.8561878012832
2114,morning3,Sheldon,SB,8,21,Total Energy,4422168513.059999,0,324.7575389975632
2117,morning3,Sheldon,SB,7,21,Total Energy,2425201077.855,0,186.38564736239024
2120,morning3,Sheldon,SB,6,21,Total Energy,2850192692.938,0,349.59668983397387
2122,morning3,Sheldon,SB,5,21,Total Energy,5874474106.52,0,506.0581163988351
2125,morning3,Sheldon,SB,4,21,Total Energy,6019389534.610001,0,305.424638576186
2128,morning3,Sheldon,SB,3,21,Total Energy,4228427525.12,0,252.1784381173639
2131,morning3,Sheldon,SB,2,21,Total Energy,4380086150.23,0,606.9399426643015
2134,morning3,Sheldon,SB,1,21,Total Energy,8130076099.8099985,0,582.1151742382567
2135,morning3,Pinebush,NB,26,21,Total Energy,8057635701.78,0,443.6608295277411
2137,morning3,Pinebush,NB,25,21,Total Energy,7982312983.6,0,337.40410939189195
2139,morning3,Pinebush,NB,24,21,Total Energy,8349532287.8099985,0,358.9722623947888
2142,morning3,Pinebush,NB,23,21,Total Energy,8827928305.6,0,479.590562962717
2144,morning3,Pinebush,NB,22,21,Total Energy,6292730457.07,0,458.8301706278505
2146,morning3,Pinebush,NB,21,21,Total Energy,7136709419.46,0,409.9378359714515
2149,morning3,Pinebush,NB,20,21,Total Energy,6742511551.68,0,305.9745822711571
2153,morning3,Pinebush,NB,19,21,Total Energy,9019853460.45,0,558.909726733291
2156,morning3,Pinebush,NB,18,21,Total Energy,7075000933.4400015,0,399.62272877576515
2158,morning3,Pinebush,NB,17,21,Total Energy,5058230321.940001,0,293.0735661498274
2161,morning3,Pinebush,NB,16,21,Total Energy,6312015691.43,0,338.38762784990774
2163,morning3,Pinebush,NB,15,21,Total Energy,8407983737.37,0,439.78753859370613
2166,morning3,Pinebush,NB,14,21,Total Energy,9373680529.58,0,688.609477917811
2170,morning3,Pinebush,NB,13,21,Total Energy,9648643031.33,0,500.67432470838537
2173,morning3,Pinebush,NB,12,21,Total Energy,8601556624.02,0,487.73069004784037
2176,morning3,Pinebush,NB,11,21,Total Energy,8057125511.1,0,300.3377375217557
2178,morning3,Pinebush,NB,10,21,Total Energy,6415284605.68,0,482.66804654143976
2182,morning3,Pinebush,NB,9,21,Total Energy,7897176856.93,0,479.2423900628546
2185,morning3,Pinebush,NB,8,21,Total Energy,5108093353.57,0,216.78242724421506
2186,morning3,Pinebush,NB,7,21,Total Energy,7909282055.66,0,456.22689529460416
2190,morning3,Pinebush,NB,6,21,Total Energy,8384717299.6,0,307.7210979642245
2192,morning3,Pinebush,NB,5,21,Total Energy,8687449823.119999,0,612.0348014933809
2194,morning3,Pinebush,NB,4,21,Total Energy,6808026362.68,0,310.7202342077751
2196,morning3,Pinebush,NB,3,21,Total Energy,6857982369.47,0,377.1968029494553
2199,morning3,Pinebush,NB,2,21,Total Energy,4718568729.389999,0,290.0282127847892
2201,morning3,Pinebush,NB,1,21,Total Energy,6952492055.41,0,289.89337487014967
2204,morning3,Pinebush,SB,26,21,Total Energy,2356116571.7479997,0,145.72151841045368
2205,morning3,Pinebush,SB,25,21,Total Energy,290863752.8852,0,21.337364104725467
2207,morning3,Pinebush,SB,24,21,Total Energy,3301432863.891,0,73.93255975831306
2209,morning3,Pinebush,SB,23,21,Total Energy,2360971633.809,0,97.75447200461286
2210,morning3,Pinebush,SB,22,21,Total Energy,1247853254.734,0,78.30004214128563
2213,morning3,Pinebush,SB,21,21,Total Energy,2599027779.426,0,302.73413171500937
2215,morning3,Pinebush,SB,20,21,Total Energy,1443517296.575,0,54.737726161477994
2218,morning3,Pinebush,SB,19,21,Total Energy,1862402944.236,0,59.18265724275525
2220,morning3,Pinebush,SB,18,21,Total Energy,3636863330.92,0,116.7188505393071
2223,morning3,Pinebush,SB,17,21,Total Energy,3060909988.192,0,167.33285593555715
2227,morning3,Pinebush,SB,16,21,Total Energy,3129842826.597,0,183.3300404810693
2230,morning3,Pinebush,SB,15,21,Total Energy,4751273314.0,0,160.5403731556658
2233,morning3,Pinebush,SB,14,21,Total Energy,3366782141.269,0,98.96906381163315
2236,morning3,Pinebush,SB,13,21,Total Energy,2704289829.894,0,320.53881593798314
2238,morning3,Pinebush,SB,12,21,Total Energy,2569930544.406,0,227.16874504066845
2241,morning3,Pinebush,SB,11,21,Total Energy,3520177001.311,0,222.1193974012986
2244,morning3,Pinebush,SB,10,21,Total Energy,3270939522.2679996,0,220.8623958022604
2247,morning3,Pinebush,SB,9,21,Total Energy,3065761166.6140003,0,204.42180922790942
2248,morning3,Pinebush,SB,8,21,Total Energy,1201469544.06,0,28.329991131824087
2251,morning3,Pinebush,SB,7,21,Total Energy,2466728315.557,0,66.5691940836642
2255,morning3,Pinebush,SB,6,21,Total Energy,2164169344.0829997,0,171.56814161802617
2257,morning3,Pinebush,SB,5,21,Total Energy,2069847037.311,0,233.7273612055164
2259,morning3,Pinebush,SB,4,21,Total Energy,2325939638.112,0,246.87822647859883
2262,morning3,Pinebush,SB,3,21,Total Energy,3088633690.4700003,0,209.46582165951503
2264,morning3,Pinebush,SB,2,21,Total Energy,4517305817.83,0,184.77336781444873
2267,morning3,Pinebush,SB,1,21,Total Energy,2508737851.6429996,0,126.43085907965605
2269,morning3,Hwy401,NB,47,21,Total Energy,5768547034.65,0,369.1524289495489
2271,morning3,Hwy401,NB,46,21,Total Energy,3368214268.7390003,0,371.89630597763136
2272,morning3,Hwy401,NB,45,21,Total Energy,6635408861.12,0,451.3194206021333
2274,morning3,Hwy401,NB,44,21,Total Energy,6085213473.17,0,227.98560335246304
2276,morning3,Hwy401,NB,43,21,Total Energy,7233546973.55,0,833.6779069876486
2279,morning3,Hwy401,NB,42,21,Total Energy,6485417728.22,0,239.77179266153252
2283,morning3,Hwy401,NB,41,21,Total Energy,8875549206.29,0,682.2109812898242
2285,morning3,Hwy401,NB,40,21,Total Energy,3756790380.22,0,291.6010647330666
2286,morning3,Hwy401,NB,39,21,Total Energy,2263808455.0220003,0,280.9511898646676
2289,morning3,Hwy401,NB,38,21,Total Energy,6615679953.59,0,375.57911435103927
2291,morning3,Hwy401,NB,37,21,Total Energy,2399365617.719,0,252.90110257551663
2294,morning3,Hwy401,NB,36,21,Total Energy,5510928087.09,0,484.30577313477414
2297,morning3,Hwy401,NB,35,21,Total Energy,3490327320.016,0,256.9152332664761
2300,morning3,Hwy401,NB,34,21,Total Energy,5572292097.5,0,469.59635338721773
2303,morning3,Hwy401,NB,33,21,Total Energy,5455900223.51,0,257.83553412501664
2306,morning3,Hwy401,NB,32,21,Total Energy,6774986030.58,0,642.0066067208007
2308,morning3,Hwy401,NB,31,21,Total Energy,4452423294.18,0,192.57085544946383
2310,morning3,Hwy401,NB,30,21,Total Energy,5073688127.18,0,352.1017089160211
2314,morning3,Hwy401,NB,29,21,Total Energy,6504908039.7,0,343.86284903747793
2318,morning3,Hwy401,NB,28,21,Total Energy,6367830688.7,0,502.2884975235479
2321,morning3,Hwy401,NB,27,21,Total Energy,7422211600.17,0,923.4891278838883
2324,morning3,Hwy401,NB,26,21,Total Energy,7305780273.96,0,338.04111541156436
2328,morning3,Hwy401,NB,25,21,Total Energy,8636095282.1,0,843.3809489869298
2331,morning3,Hwy401,NB,24,21,Total Energy,4887076331.29,0,176.31553054701718
2333,morning3,Hwy401,NB,23,21,Total Energy,5006774476.360001,0,213.04480521980045
2335,morning3,Hwy401,NB,22,21,Total Energy,7525392091.76,0,366.8527660343338
2337,morning3,Hwy401,NB,21,21,Total Energy,7584109750.5599985,0,533.0933104713098
2340,morning3,Hwy401,NB,20,21,Total Energy,5824219495.49,0,181.8168140864061
2343,morning3,Hwy401,NB,19,21,Total Energy,6067571736.889999,0,442.5261350503044
2346,morning3,Hwy401,NB,18,21,Total Energy,5184695300.4,0,266.6818420889352
2349,morning3,Hwy401,NB,17,21,Total Energy,3623266647.058,0,290.4210281570905
2353,morning3,Hwy401,NB,16,21,Total Energy,4322831699.440001,0,244.7591417895116
2356,morning3,Hwy401,NB,15,21,Total Energy,2548384139.557,0,251.6025795929561
2360,morning3,Hwy401,NB,14,21,Total Energy,6015862848.95,0,484.6322362072231
2363,morning3,Hwy401,NB,13,21,Total Energy,6107154366.110001,0,258.01113383637994
2364,morning3,Hwy401,NB,12,21,Total Energy,6861363922.389999,0,697.1790753846127
2368,morning3,Hwy401,NB,11,21,Total Energy,8007135685.96,0,335.5993228628164
2371,morning3,Hwy401,NB,10,21,Total Energy,7397505067.87,0,383.82287352692686
2372,morning3,Hwy401,NB,9,21,Total Energy,5305302513.83,0,265.0295286713956
2374,morning3,Hwy401,NB,8,21,Total Energy,3464137360.3290005,0,241.0546842882243
2376,morning3,Hwy401,NB,7,21,Total Energy,5820282094.29,0,248.26040945342527
2378,morning3,Hwy401,NB,6,21,Total Energy,7267405123.110002,0,291.37746271724166
2380,morning3,Hwy401,NB,5,21,Total Energy,4511811359.32,0,220.418309260234
2382,morning3,Hwy401,NB,4,21,Total Energy,3399471143.13,0,193.14521109796618
2386,morning3,Hwy401,NB,3,21,Total Energy,6575300811.95,0,439.94344514258586
2389,morning3,Hwy401,NB,2,21,Total Energy,9029237601.69,0,296.74214607810404
2393,morning3,Hwy401,NB,1,21,Total Energy,6662414013.03,0,522.2177217065383
