,link,hour,qlength
0,12001,7-8,7.800999999999931
1,12002,7-8,7.650999999999954
2,12003,7-8,0.0
3,12004,7-8,7.890999999999963
4,12005,7-8,117.57099999999997
5,12006,7-8,7.440999999999974
6,12007,7-8,18.79099999999994
7,12008,7-8,18.79099999999994
8,12009,7-8,1.4909999999999854
9,12010,7-8,0.0
10,12011,7-8,0.0
11,12012,7-8,1.54099999999994
12,12013,7-8,117.57099999999997
13,12014,7-8,13.420999999999935
14,12015,7-8,123.92099999999999
15,12016,7-8,39.79099999999994
16,12017,7-8,39.79099999999994
17,12018,7-8,0.0
18,12019,7-8,21.32099999999997
19,12020,7-8,21.32099999999997
20,12021,7-8,0.0
21,12022,7-8,7.030999999999949
22,12023,7-8,7.030999999999949
23,12024,7-8,13.010999999999967
24,12025,7-8,13.010999999999967
25,12026,7-8,0.0
26,12027,7-8,0.0
27,12028,7-8,19.710999999999956
28,12029,7-8,19.710999999999956
29,12030,7-8,19.450999999999965
30,12031,7-8,19.450999999999965
31,12032,7-8,1.5709999999999695
32,12033,7-8,1.710999999999956
33,12034,7-8,20.260999999999967
34,12035,7-8,20.260999999999967
35,12036,7-8,7.3209999999999695
36,12037,7-8,0.0
37,21001,7-8,39.243999999999915
38,21002,7-8,132.07399999999996
39,21003,7-8,39.073999999999955
40,21004,7-8,111.98399999999992
41,21005,7-8,49.813999999999965
42,21006,7-8,50.313999999999965
43,21007,7-8,111.98399999999992
44,21008,7-8,423.03499999999997
45,21009,7-8,27.44399999999996
46,21010,7-8,111.98399999999992
47,21011,7-8,333.05499999999995
48,21012,7-8,124.27399999999994
49,21013,7-8,428.93499999999995
50,21014,7-8,333.29499999999996
51,21015,7-8,44.19399999999996
52,21016,7-8,60.733999999999924
53,21017,7-8,7.733999999999924
54,21018,7-8,357.635
55,21019,7-8,26.37399999999991
56,21020,7-8,26.524
57,21021,7-8,111.98399999999992
58,21022,7-8,26.70399999999995
59,21023,7-8,358.11499999999995
60,21024,7-8,57.15399999999994
61,21025,7-8,31.403999999999996
62,21026,7-8,123.84399999999994
63,21027,7-8,124.71399999999994
64,21028,7-8,339.07499999999993
65,21029,7-8,339.4649999999999
66,21030,7-8,111.98399999999992
67,21031,7-8,111.98399999999992
68,21032,7-8,7.593999999999937
69,21033,7-8,7.6440000000000055
70,21034,7-8,19.783999999999992
71,21035,7-8,19.783999999999992
72,21036,7-8,14.003999999999905
73,21037,7-8,13.183999999999969
74,21038,7-8,13.183999999999969
75,21039,7-8,118.98399999999992
76,21040,7-8,416.42499999999995
77,21041,7-8,38.083999999999946
78,21042,7-8,19.403999999999996
79,21043,7-8,111.98399999999992
80,21044,7-8,132.02399999999994
81,21045,7-8,111.98399999999992
82,21046,7-8,117.49399999999991
83,21047,7-8,13.95399999999995
84,21048,7-8,33.243999999999915
85,22001,7-8,1.865000000000009
86,22002,7-8,13.095000000000027
87,22003,7-8,25.605000000000018
88,22004,7-8,312.482
89,22005,7-8,312.132
90,22006,7-8,317.982
91,22007,7-8,1.7850000000000819
92,22008,7-8,8.134999999999991
93,22009,7-8,13.985000000000014
94,22010,7-8,20.154999999999973
95,22011,7-8,1.8250000000000455
96,22012,7-8,415.692
97,22013,7-8,312.032
98,22014,7-8,18.975000000000023
99,22015,7-8,39.434999999999945
100,22016,7-8,421.202
101,22017,7-8,344.762
102,22018,7-8,1.634999999999991
103,22019,7-8,1.6849999999999454
104,22020,7-8,312.432
105,22021,7-8,14.214999999999918
106,22022,7-8,7.164999999999964
107,22023,7-8,13.174999999999955
108,22024,7-8,312.432
109,22025,7-8,14.654999999999973
110,22026,7-8,312.342
111,22027,7-8,312.302
112,22028,7-8,312.16200000000003
113,22029,7-8,318.35200000000003
114,22030,7-8,7.795000000000073
115,22031,7-8,312.512
116,22032,7-8,21.795000000000073
117,22033,7-8,7.785000000000082
118,22034,7-8,7.914999999999964
119,22035,7-8,318.812
120,22036,7-8,312.392
121,22037,7-8,312.392
122,22038,7-8,20.475000000000023
123,22039,7-8,312.242
124,22040,7-8,1.5950000000000273
125,22041,7-8,1.6949999999999363
126,22042,7-8,312.122
127,22043,7-8,312.492
128,22044,7-8,0.0
129,22045,7-8,312.272
130,22046,7-8,7.464999999999918
131,22047,7-8,1.6649999999999636
132,22048,7-8,0.0
133,31001,7-8,118.519
134,31002,7-8,118.519
135,31003,7-8,25.319000000000074
136,31004,7-8,414.05400000000003
137,31005,7-8,1.3290000000000646
138,31006,7-8,13.379000000000019
139,31007,7-8,413.844
140,31008,7-8,419.764
141,31009,7-8,420.144
142,31010,7-8,441.414
143,31011,7-8,413.92400000000004
144,31012,7-8,118.519
145,31013,7-8,414.014
146,31014,7-8,7.448999999999955
147,31015,7-8,7.448999999999955
148,31016,7-8,419.754
149,31017,7-8,431.744
150,31018,7-8,20.12900000000002
151,31019,7-8,20.12900000000002
152,31020,7-8,432.11400000000003
153,31021,7-8,55.38900000000001
154,31022,7-8,125.519
155,31023,7-8,60.599000000000046
156,31024,7-8,413.86400000000003
157,31025,7-8,30.999000000000024
158,31026,7-8,413.874
159,31027,7-8,414.074
160,31028,7-8,414.034
161,31029,7-8,419.294
162,31030,7-8,30.528999999999996
163,31031,7-8,31.62900000000002
164,31032,7-8,37.35900000000004
165,31033,7-8,420.474
166,31034,7-8,419.014
167,31035,7-8,413.874
168,31036,7-8,426.384
169,31037,7-8,19.829000000000065
170,31038,7-8,425.954
171,31039,7-8,437.72400000000005
172,31040,7-8,1.5690000000000737
173,31041,7-8,0.0
174,32001,7-8,163.74599999999992
175,32002,7-8,13.896999999999935
176,32003,7-8,337.62699999999995
177,32004,7-8,337.68699999999995
178,32005,7-8,337.68699999999995
179,32006,7-8,69.34699999999998
180,32007,7-8,146.47599999999989
181,32008,7-8,368.2369999999999
182,32009,7-8,25.156999999999925
183,32010,7-8,6.626999999999953
184,32011,7-8,95.21699999999998
185,32012,7-8,337.6569999999999
186,32013,7-8,32.06700000000001
187,32014,7-8,369.14699999999993
188,32015,7-8,146.89599999999996
189,32016,7-8,83.60699999999997
190,32017,7-8,350.83699999999993
191,32018,7-8,343.99699999999996
192,32019,7-8,337.38699999999994
193,32020,7-8,337.76699999999994
194,32021,7-8,159.46599999999995
195,32022,7-8,76.65699999999993
196,32023,7-8,337.6769999999999
197,32024,7-8,343.77699999999993
198,32025,7-8,337.5469999999999
199,32026,7-8,337.52699999999993
200,32027,7-8,1.3969999999999345
201,32028,7-8,382.11699999999996
202,32029,7-8,39.406999999999925
203,32030,7-8,343.4669999999999
204,32031,7-8,146.79599999999994
205,32032,7-8,146.54599999999994
206,32033,7-8,337.77699999999993
207,32034,7-8,19.287000000000035
208,32035,7-8,337.2869999999999
209,32036,7-8,344.70699999999994
210,32037,7-8,19.466999999999985
211,32038,7-8,0.0
212,32039,7-8,83.60699999999997
213,32040,7-8,83.60699999999997
214,32041,7-8,7.037000000000035
215,41001,7-8,382.4529999999999
216,41002,7-8,564.8359999999999
217,41003,7-8,364.8929999999999
218,41004,7-8,558.016
219,41005,7-8,558.156
220,41006,7-8,49.993999999999915
221,41007,7-8,570.6059999999999
222,41008,7-8,570.2159999999999
223,41009,7-8,570.2159999999999
224,41010,7-8,558.146
225,41011,7-8,570.286
226,41012,7-8,558.1859999999999
227,41013,7-8,570.4959999999999
228,41014,7-8,564.016
229,41015,7-8,564.396
230,41016,7-8,558.376
231,41017,7-8,626.626
232,41018,7-8,575.526
233,41019,7-8,589.0959999999999
234,41020,7-8,565.1159999999999
235,41021,7-8,558.4459999999999
236,41022,7-8,570.9559999999999
237,41023,7-8,576.6659999999999
238,41024,7-8,460.2229999999999
239,41025,7-8,558.396
240,41026,7-8,377.7629999999999
241,41027,7-8,73.66399999999999
242,41028,7-8,558.3359999999999
243,41029,7-8,43.903999999999996
244,42001,7-8,38.636000000000024
245,42002,7-8,25.456000000000017
246,42003,7-8,43.50600000000003
247,42004,7-8,43.32600000000002
248,42005,7-8,58.45799999999997
249,42006,7-8,58.358000000000004
250,42007,7-8,78.988
251,42008,7-8,85.06799999999998
252,42009,7-8,33.58600000000001
253,42010,7-8,60.74799999999999
254,42011,7-8,60.74799999999999
255,42012,7-8,58.108000000000004
256,42013,7-8,63.067999999999984
257,42014,7-8,112.64799999999997
258,42015,7-8,58.99799999999999
259,42016,7-8,27.425999999999988
260,42017,7-8,26.50600000000003
261,42018,7-8,26.01600000000002
262,42019,7-8,26.01600000000002
263,42020,7-8,25.996000000000038
264,42021,7-8,25.996000000000038
265,42022,7-8,49.577999999999975
266,42023,7-8,49.577999999999975
267,42024,7-8,67.358
268,42025,7-8,206.885
269,42026,7-8,52.738
270,42027,7-8,68.358
271,42028,7-8,26.00600000000003
272,51001,7-8,67.93799999999999
273,51002,7-8,30.97999999999996
274,51003,7-8,37.13799999999998
275,51004,7-8,20.24000000000001
276,51005,7-8,20.24000000000001
277,51006,7-8,13.109999999999957
278,51007,7-8,48.827999999999975
279,51008,7-8,48.827999999999975
280,51009,7-8,49.587999999999965
281,51010,7-8,49.548
282,51011,7-8,49.148000000000025
283,51012,7-8,454.76199999999994
284,51013,7-8,51.148000000000025
285,51014,7-8,75.928
286,51015,7-8,75.928
287,51016,7-8,39.19799999999998
288,51017,7-8,24.370000000000005
289,51018,7-8,13.180000000000007
290,51019,7-8,44.01800000000003
291,51020,7-8,43.827999999999975
292,51021,7-8,31.91999999999996
293,51022,7-8,62.988
294,51023,7-8,25.529999999999973
295,51024,7-8,25.789999999999964
296,51025,7-8,25.789999999999964
297,51026,7-8,42.74799999999999
298,51027,7-8,42.74799999999999
299,51028,7-8,14.029999999999973
300,51029,7-8,6.680000000000007
301,51030,7-8,80.31799999999998
302,51031,7-8,80.31799999999998
303,51032,7-8,31.69999999999999
304,51033,7-8,19.109999999999957
305,51034,7-8,32.65999999999997
306,51035,7-8,56.13799999999998
307,51036,7-8,56.13799999999998
308,51037,7-8,31.579999999999984
309,51038,7-8,31.579999999999984
310,51039,7-8,57.327999999999975
311,51040,7-8,67.358
312,51041,7-8,25.639999999999986
313,51042,7-8,25.21999999999997
314,51043,7-8,25.21999999999997
315,51044,7-8,34.148000000000025
316,51045,7-8,81.09800000000001
317,51046,7-8,43.18799999999999
318,51047,7-8,43.18799999999999
319,51048,7-8,25.839999999999975
320,12001,8-9,12.920999999999935
321,12002,8-9,12.920999999999935
322,12003,8-9,7.020999999999958
323,12004,8-9,7.020999999999958
324,12005,8-9,1.7709999999999582
325,12006,8-9,228.993
326,12007,8-9,136.15099999999995
327,12008,8-9,13.880999999999972
328,12009,8-9,13.880999999999972
329,12010,8-9,1.7509999999999764
330,12011,8-9,0.0
331,12012,8-9,0.0
332,12013,8-9,13.560999999999979
333,12014,8-9,396.263
334,12015,8-9,192.59299999999996
335,12016,8-9,192.28299999999996
336,12017,8-9,20.500999999999976
337,12018,8-9,122.28099999999995
338,12019,8-9,374.703
339,12020,8-9,7.971000000000004
340,12021,8-9,13.350999999999999
341,12022,8-9,18.950999999999965
342,12023,8-9,6.5709999999999695
343,12024,8-9,374.703
344,12025,8-9,19.480999999999995
345,12026,8-9,14.510999999999967
346,12027,8-9,19.78099999999995
347,12028,8-9,1.5910000000000082
348,12029,8-9,31.510999999999967
349,12030,8-9,31.510999999999967
350,12031,8-9,14.460999999999956
351,12032,8-9,7.850999999999999
352,12033,8-9,192.40299999999996
353,12034,8-9,7.61099999999999
354,12035,8-9,13.060999999999979
355,21001,8-9,32.144000000000005
356,21002,8-9,332.93499999999995
357,21003,8-9,339.765
358,21004,8-9,56.65399999999994
359,21005,8-9,51.233999999999924
360,21006,8-9,1.5039999999999054
361,21007,8-9,339.55499999999995
362,21008,8-9,345.55499999999995
363,21009,8-9,13.513999999999896
364,21010,8-9,363.42499999999995
365,21011,8-9,333.255
366,21012,8-9,39.39399999999995
367,21013,8-9,136.11399999999992
368,21014,8-9,333.19499999999994
369,21015,8-9,345.93499999999995
370,21016,8-9,13.95399999999995
371,21017,8-9,13.95399999999995
372,21018,8-9,39.04399999999998
373,21019,8-9,333.17499999999995
374,21020,8-9,338.92499999999995
375,21021,8-9,118.98399999999992
376,21022,8-9,339.47499999999997
377,21023,8-9,141.58399999999995
378,21024,8-9,345.85499999999996
379,21025,8-9,37.073999999999955
380,21026,8-9,13.12399999999991
381,21027,8-9,56.523999999999944
382,21028,8-9,111.98399999999992
383,21029,8-9,333.28499999999997
384,21030,8-9,1.6339999999999009
385,21031,8-9,49.313999999999965
386,21032,8-9,118.98399999999992
387,21033,8-9,111.98399999999992
388,21034,8-9,423.22499999999997
389,21035,8-9,32.78399999999999
390,21036,8-9,36.803999999999974
391,21037,8-9,25.553999999999974
392,21038,8-9,130.6239999999999
393,21039,8-9,339.61499999999995
394,21040,8-9,111.98399999999992
395,21041,8-9,18.8839999999999
396,21042,8-9,333.11499999999995
397,21043,8-9,43.67399999999998
398,21044,8-9,333.0849999999999
399,21045,8-9,333.41499999999996
400,22001,8-9,324.91200000000003
401,22002,8-9,354.432
402,22003,8-9,354.41200000000003
403,22004,8-9,318.452
404,22005,8-9,2.0049999999999955
405,22006,8-9,358.762
406,22007,8-9,330.652
407,22008,8-9,323.892
408,22009,8-9,330.922
409,22010,8-9,312.052
410,22011,8-9,37.434999999999945
411,22012,8-9,312.172
412,22013,8-9,318.442
413,22014,8-9,26.274999999999977
414,22015,8-9,312.432
415,22016,8-9,339.632
416,22017,8-9,323.722
417,22018,8-9,318.592
418,22019,8-9,318.442
419,22020,8-9,318.442
420,22021,8-9,415.692
421,22022,8-9,324.612
422,22023,8-9,318.182
423,22024,8-9,318.482
424,22025,8-9,7.975000000000023
425,22026,8-9,7.274999999999977
426,22027,8-9,312.152
427,22028,8-9,312.29200000000003
428,22029,8-9,7.085000000000036
429,22030,8-9,114.68499999999995
430,22031,8-9,312.142
431,22032,8-9,324.712
432,22033,8-9,20.664999999999964
433,22034,8-9,14.835000000000036
434,22035,8-9,346.092
435,22036,8-9,336.742
436,22037,8-9,318.422
437,22038,8-9,329.202
438,22039,8-9,312.282
439,22040,8-9,312.462
440,22041,8-9,26.514999999999986
441,22042,8-9,312.312
442,22043,8-9,325.072
443,22044,8-9,312.332
444,22045,8-9,0.0
445,31001,8-9,414.004
446,31002,8-9,420.55400000000003
447,31003,8-9,137.72900000000004
448,31004,8-9,414.064
449,31005,8-9,456.504
450,31006,8-9,413.934
451,31007,8-9,522.014
452,31008,8-9,450.014
453,31009,8-9,414.014
454,31010,8-9,431.894
455,31011,8-9,420.644
456,31012,8-9,130.18899999999996
457,31013,8-9,125.519
458,31014,8-9,444.774
459,31015,8-9,483.074
460,31016,8-9,68.22899999999993
461,31017,8-9,522.014
462,31018,8-9,522.014
463,31019,8-9,413.92400000000004
464,31020,8-9,530.014
465,31021,8-9,118.519
466,31022,8-9,419.784
467,31023,8-9,438.904
468,31024,8-9,413.98400000000004
469,31025,8-9,460.744
470,31026,8-9,413.934
471,31027,8-9,413.974
472,31028,8-9,118.519
473,31029,8-9,38.61900000000003
474,31030,8-9,6.788999999999987
475,31031,8-9,522.014
476,31032,8-9,420.504
477,31033,8-9,419.764
478,31034,8-9,413.944
479,31035,8-9,522.014
480,31036,8-9,528.154
481,31037,8-9,413.854
482,31038,8-9,530.014
483,31039,8-9,7.5190000000000055
484,32001,8-9,152.8359999999999
485,32002,8-9,19.626999999999953
486,32003,8-9,337.57699999999994
487,32004,8-9,355.2969999999999
488,32005,8-9,343.7869999999999
489,32006,8-9,75.41700000000003
490,32007,8-9,146.7059999999999
491,32008,8-9,239.85599999999994
492,32009,8-9,390.70699999999994
493,32010,8-9,146.67599999999993
494,32011,8-9,7.826999999999998
495,32012,8-9,171.59599999999995
496,32013,8-9,337.43699999999995
497,32014,8-9,146.4459999999999
498,32015,8-9,349.7169999999999
499,32016,8-9,146.31599999999992
500,32017,8-9,24.666999999999916
501,32018,8-9,368.07699999999994
502,32019,8-9,146.90599999999995
503,32020,8-9,153.29599999999994
504,32021,8-9,337.61699999999996
505,32022,8-9,385.18699999999995
506,32023,8-9,337.52699999999993
507,32024,8-9,83.60699999999997
508,32025,8-9,183.98599999999993
509,32026,8-9,185.77599999999995
510,32027,8-9,44.406999999999925
511,32028,8-9,76.36699999999996
512,32029,8-9,184.13599999999997
513,32030,8-9,355.14699999999993
514,32031,8-9,146.38599999999997
515,32032,8-9,13.677000000000021
516,32033,8-9,356.77699999999993
517,32034,8-9,350.14699999999993
518,32035,8-9,337.77699999999993
519,32036,8-9,153.23599999999988
520,32037,8-9,13.636999999999944
521,32038,8-9,83.457
522,32039,8-9,0.0
523,41001,8-9,577.136
524,41002,8-9,565.136
525,41003,8-9,564.5559999999999
526,41004,8-9,558.3259999999999
527,41005,8-9,564.8259999999999
528,41006,8-9,578.156
529,41007,8-9,624.3159999999999
530,41008,8-9,629.8259999999999
531,41009,8-9,157.558
532,41010,8-9,613.906
533,41011,8-9,570.1759999999999
534,41012,8-9,583.396
535,41013,8-9,576.406
536,41014,8-9,607.8059999999999
537,41015,8-9,619.4459999999999
538,41016,8-9,558.376
539,41017,8-9,631.3159999999999
540,41018,8-9,631.3159999999999
541,41019,8-9,558.276
542,41020,8-9,658.9459999999999
543,41021,8-9,558.5959999999999
544,41022,8-9,588.7559999999999
545,41023,8-9,558.3159999999999
546,41024,8-9,596.2459999999999
547,41025,8-9,605.7559999999999
548,41026,8-9,394.9329999999999
549,42001,8-9,72.09799999999996
550,42002,8-9,84.048
551,42003,8-9,99.78800000000001
552,42004,8-9,79.168
553,42005,8-9,66.93799999999999
554,42006,8-9,53.048
555,42007,8-9,255.493
556,42008,8-9,42.75600000000003
557,42009,8-9,63.95799999999997
558,42010,8-9,70.84799999999996
559,42011,8-9,71.20799999999997
560,42012,8-9,45.906000000000006
561,42013,8-9,45.906000000000006
562,42014,8-9,51.097999999999956
563,42015,8-9,88.70799999999997
564,42016,8-9,243.173
565,42017,8-9,51.27800000000002
566,42018,8-9,73.53800000000001
567,42019,8-9,51.27800000000002
568,42020,8-9,48.96799999999996
569,42021,8-9,73.24799999999999
570,42022,8-9,73.24799999999999
571,42023,8-9,113.97800000000001
572,42024,8-9,243.173
573,42025,8-9,60.63799999999998
574,42026,8-9,60.63799999999998
575,51001,8-9,55.74799999999999
576,51002,8-9,26.629999999999995
577,51003,8-9,73.918
578,51004,8-9,86.47800000000001
579,51005,8-9,56.077999999999975
580,51006,8-9,73.52800000000002
581,51007,8-9,50.428
582,51008,8-9,69.488
583,51009,8-9,69.76799999999997
584,51010,8-9,69.76799999999997
585,51011,8-9,25.810000000000002
586,51012,8-9,31.22999999999996
587,51013,8-9,42.428
588,51014,8-9,75.59800000000001
589,51015,8-9,74.55799999999999
590,51016,8-9,45.298
591,51017,8-9,52.428
592,51018,8-9,66.56799999999998
593,51019,8-9,62.548
594,51020,8-9,62.428
595,51021,8-9,12.549999999999955
596,51022,8-9,7.829999999999984
597,51023,8-9,30.94999999999999
598,51024,8-9,31.629999999999995
599,51025,8-9,31.039999999999964
600,51026,8-9,19.810000000000002
601,51027,8-9,7.949999999999989
602,51028,8-9,20.939999999999998
603,51029,8-9,34.908000000000015
604,51030,8-9,34.908000000000015
605,51031,8-9,54.05799999999999
606,51032,8-9,73.81799999999998
607,51033,8-9,26.95999999999998
608,51034,8-9,14.049999999999955
609,51035,8-9,7.279999999999973
610,51036,8-9,47.928
611,51037,8-9,77.96800000000002
612,51038,8-9,26.849999999999966
613,51039,8-9,26.879999999999995
614,51040,8-9,44.75799999999998
615,51041,8-9,44.75799999999998
616,51042,8-9,63.26800000000003
617,51043,8-9,19.0
618,51044,8-9,26.049999999999955
619,51045,8-9,90.20799999999997
620,51046,8-9,91.12799999999999
621,12001,9-10,7.7309999999999945
622,12002,9-10,192.22299999999996
623,12003,9-10,25.750999999999976
624,12004,9-10,192.253
625,12005,9-10,374.703
626,12006,9-10,7.370999999999981
627,12007,9-10,1.6709999999999354
628,12008,9-10,192.23299999999995
629,12009,9-10,374.703
630,12010,9-10,198.373
631,12011,9-10,31.770999999999958
632,12012,9-10,31.61099999999999
633,12013,9-10,374.703
634,12014,9-10,6.9809999999999945
635,12015,9-10,7.8209999999999695
636,12016,9-10,198.58299999999997
637,12017,9-10,229.363
638,12018,9-10,382.703
639,12019,9-10,7.190999999999974
640,12020,9-10,205.16299999999995
641,12021,9-10,8.100999999999999
642,12022,9-10,44.450999999999965
643,12023,9-10,192.26299999999998
644,12024,9-10,249.80299999999997
645,12025,9-10,25.160999999999945
646,12026,9-10,117.57099999999997
647,12027,9-10,192.39299999999997
648,12028,9-10,192.22299999999996
649,12029,9-10,8.07099999999997
650,12030,9-10,0.0
651,12031,9-10,0.0
652,12032,9-10,13.560999999999979
653,12033,9-10,197.673
654,12034,9-10,205.063
655,12035,9-10,382.703
656,12036,9-10,0.0
657,21001,9-10,338.72499999999997
658,21002,9-10,338.79499999999996
659,21003,9-10,339.60499999999996
660,21004,9-10,362.42499999999995
661,21005,9-10,384.69499999999994
662,21006,9-10,333.3449999999999
663,21007,9-10,416.42499999999995
664,21008,9-10,333.145
665,21009,9-10,13.363999999999919
666,21010,9-10,32.063999999999965
667,21011,9-10,375.37499999999994
668,21012,9-10,333.155
669,21013,9-10,132.54399999999998
670,21014,9-10,345.53499999999997
671,21015,9-10,118.98399999999992
672,21016,9-10,339.3449999999999
673,21017,9-10,333.3349999999999
674,21018,9-10,390.275
675,21019,9-10,111.98399999999992
676,21020,9-10,333.03499999999997
677,21021,9-10,143.68399999999997
678,21022,9-10,19.473999999999933
679,21023,9-10,31.394000000000005
680,21024,9-10,333.49499999999995
681,21025,9-10,333.265
682,21026,9-10,339.60499999999996
683,21027,9-10,432.57499999999993
684,21028,9-10,363.78499999999997
685,21029,9-10,333.07499999999993
686,21030,9-10,339.56499999999994
687,21031,9-10,345.755
688,21032,9-10,345.755
689,21033,9-10,137.47399999999993
690,21034,9-10,62.073999999999955
691,21035,9-10,62.073999999999955
692,21036,9-10,136.70399999999995
693,21037,9-10,56.493999999999915
694,21038,9-10,350.37499999999994
695,21039,9-10,369.895
696,21040,9-10,362.265
697,21041,9-10,19.653999999999996
698,22001,9-10,312.41200000000003
699,22002,9-10,335.982
700,22003,9-10,318.132
701,22004,9-10,312.222
702,22005,9-10,312.262
703,22006,9-10,312.262
704,22007,9-10,317.932
705,22008,9-10,318.902
706,22009,9-10,336.132
707,22010,9-10,318.442
708,22011,9-10,312.132
709,22012,9-10,312.10200000000003
710,22013,9-10,312.582
711,22014,9-10,30.995000000000005
712,22015,9-10,341.502
713,22016,9-10,323.392
714,22017,9-10,331.60200000000003
715,22018,9-10,318.242
716,22019,9-10,312.272
717,22020,9-10,318.732
718,22021,9-10,312.252
719,22022,9-10,312.222
720,22023,9-10,318.512
721,22024,9-10,348.942
722,22025,9-10,317.762
723,22026,9-10,381.862
724,22027,9-10,341.922
725,22028,9-10,26.444999999999936
726,22029,9-10,312.372
727,22030,9-10,25.404999999999973
728,22031,9-10,312.29200000000003
729,22032,9-10,318.272
730,22033,9-10,38.35500000000002
731,22034,9-10,318.422
732,22035,9-10,317.682
733,22036,9-10,317.682
734,22037,9-10,312.222
735,22038,9-10,317.79200000000003
736,22039,9-10,312.012
737,22040,9-10,312.482
738,22041,9-10,312.082
739,31001,9-10,522.014
740,31002,9-10,414.014
741,31003,9-10,536.274
742,31004,9-10,530.014
743,31005,9-10,419.604
744,31006,9-10,50.188999999999965
745,31007,9-10,522.014
746,31008,9-10,522.014
747,31009,9-10,533.124
748,31010,9-10,439.314
749,31011,9-10,582.974
750,31012,9-10,414.11400000000003
751,31013,9-10,528.154
752,31014,9-10,443.874
753,31015,9-10,473.944
754,31016,9-10,414.194
755,31017,9-10,484.814
756,31018,9-10,543.054
757,31019,9-10,543.054
758,31020,9-10,426.014
759,31021,9-10,530.014
760,31022,9-10,530.014
761,31023,9-10,413.954
762,31024,9-10,7.649000000000001
763,31025,9-10,522.014
764,31026,9-10,533.234
765,31027,9-10,543.054
766,31028,9-10,522.014
767,31029,9-10,522.014
768,31030,9-10,413.944
769,31031,9-10,419.654
770,31032,9-10,420.044
771,31033,9-10,545.264
772,31034,9-10,530.014
773,31035,9-10,420.144
774,31036,9-10,420.074
775,31037,9-10,530.014
776,31038,9-10,451.694
777,32001,9-10,343.4669999999999
778,32002,9-10,337.3569999999999
779,32003,9-10,337.81699999999995
780,32004,9-10,337.52699999999993
781,32005,9-10,349.00699999999995
782,32006,9-10,337.61699999999996
783,32007,9-10,337.5969999999999
784,32008,9-10,343.94699999999995
785,32009,9-10,343.50699999999995
786,32010,9-10,362.01699999999994
787,32011,9-10,157.8259999999999
788,32012,9-10,360.9269999999999
789,32013,9-10,152.37599999999998
790,32014,9-10,170.81599999999992
791,32015,9-10,670.8069999999999
792,32016,9-10,343.51699999999994
793,32017,9-10,343.51699999999994
794,32018,9-10,349.39699999999993
795,32019,9-10,385.81699999999995
796,32020,9-10,337.5969999999999
797,32021,9-10,146.61599999999999
798,32022,9-10,370.4069999999999
799,32023,9-10,343.45699999999994
800,32024,9-10,77.34699999999998
801,32025,9-10,362.5369999999999
802,32026,9-10,146.8359999999999
803,32027,9-10,342.93699999999995
804,32028,9-10,367.83699999999993
805,32029,9-10,348.8469999999999
806,32030,9-10,337.7269999999999
807,32031,9-10,360.76699999999994
808,32032,9-10,153.05599999999993
809,32033,9-10,157.13599999999997
810,32034,9-10,337.55699999999996
811,32035,9-10,343.93699999999995
812,32036,9-10,337.7269999999999
813,32037,9-10,146.73599999999988
814,32038,9-10,153.0759999999999
815,41001,9-10,576.9759999999999
816,41002,9-10,558.4659999999999
817,41003,9-10,624.3159999999999
818,41004,9-10,624.3159999999999
819,41005,9-10,563.636
820,41006,9-10,564.0759999999999
821,41007,9-10,364.8229999999999
822,41008,9-10,624.646
823,41009,9-10,582.526
824,41010,9-10,643.396
825,41011,9-10,638.036
826,41012,9-10,570.156
827,41013,9-10,591.1159999999999
828,41014,9-10,600.8159999999999
829,41015,9-10,575.9759999999999
830,41016,9-10,558.4959999999999
831,41017,9-10,558.2959999999999
832,41018,9-10,661.906
833,41019,9-10,667.7459999999999
834,41020,9-10,589.646
835,41021,9-10,630.5759999999999
836,41022,9-10,564.526
837,41023,9-10,574.9759999999999
838,41024,9-10,571.1859999999999
839,41025,9-10,588.266
840,41026,9-10,563.9159999999999
841,42001,9-10,96.618
842,42002,9-10,221.54500000000002
843,42003,9-10,56.238
844,42004,9-10,45.27600000000001
845,42005,9-10,45.27600000000001
846,42006,9-10,49.587999999999965
847,42007,9-10,26.326000000000022
848,42008,9-10,45.226
849,42009,9-10,57.80799999999999
850,42010,9-10,58.20799999999997
851,42011,9-10,63.45799999999997
852,42012,9-10,49.597999999999956
853,42013,9-10,62.27800000000002
854,42014,9-10,91.82799999999997
855,42015,9-10,60.847999999999956
856,42016,9-10,68.15800000000002
857,42017,9-10,80.78800000000001
858,42018,9-10,36.115999999999985
859,42019,9-10,35.26600000000002
860,42020,9-10,243.173
861,42021,9-10,37.406000000000006
862,42022,9-10,43.99600000000004
863,42023,9-10,56.63799999999998
864,42024,9-10,45.646000000000015
865,42025,9-10,45.646000000000015
866,51001,9-10,56.548
867,51002,9-10,61.93799999999999
868,51003,9-10,67.49799999999999
869,51004,9-10,24.97999999999996
870,51005,9-10,25.269999999999982
871,51006,9-10,7.829999999999984
872,51007,9-10,38.75799999999998
873,51008,9-10,37.88799999999998
874,51009,9-10,25.72999999999996
875,51010,9-10,89.97800000000001
876,51011,9-10,94.238
877,51012,9-10,43.367999999999995
878,51013,9-10,43.367999999999995
879,51014,9-10,31.95999999999998
880,51015,9-10,19.069999999999993
881,51016,9-10,20.589999999999975
882,51017,9-10,20.310000000000002
883,51018,9-10,49.858000000000004
884,51019,9-10,58.658000000000015
885,51020,9-10,68.798
886,51021,9-10,49.45799999999997
887,51022,9-10,72.58800000000002
888,51023,9-10,40.95799999999997
889,51024,9-10,49.00799999999998
890,51025,9-10,75.84800000000001
891,51026,9-10,75.84800000000001
892,51027,9-10,49.20799999999997
893,51028,9-10,63.49799999999999
894,51029,9-10,100.13799999999998
895,51030,9-10,39.13799999999998
896,51031,9-10,45.168000000000006
897,51032,9-10,50.567999999999984
898,51033,9-10,55.858000000000004
899,51034,9-10,20.299999999999955
900,51035,9-10,20.299999999999955
901,51036,9-10,19.389999999999986
902,51037,9-10,43.377999999999986
903,51038,9-10,62.46800000000002
904,51039,9-10,12.699999999999989
905,51040,9-10,31.579999999999984
906,51041,9-10,62.76800000000003
907,51042,9-10,62.76800000000003
908,51043,9-10,43.80799999999999
909,51044,9-10,43.80799999999999
910,51045,9-10,20.5
911,51046,9-10,26.16999999999996
912,51047,9-10,50.148000000000025
913,12001,15-16,211.39299999999997
914,12002,15-16,192.19299999999998
915,12003,15-16,374.703
916,12004,15-16,192.38299999999998
917,12005,15-16,198.03299999999996
918,12006,15-16,234.48299999999998
919,12007,15-16,210.83299999999997
920,12008,15-16,204.34299999999996
921,12009,15-16,192.303
922,12010,15-16,374.703
923,12011,15-16,400.41299999999995
924,12012,15-16,382.703
925,12013,15-16,269.47299999999996
926,12014,15-16,192.253
927,12015,15-16,216.94299999999998
928,12016,15-16,192.02299999999997
929,12017,15-16,192.29299999999995
930,12018,15-16,204.14299999999997
931,12019,15-16,422.793
932,12020,15-16,374.703
933,12021,15-16,117.57099999999997
934,12022,15-16,382.703
935,12023,15-16,374.703
936,12024,15-16,129.551
937,12025,15-16,241.16299999999998
938,12026,15-16,241.66299999999998
939,12027,15-16,228.923
940,12028,15-16,210.27299999999997
941,12029,15-16,386.52299999999997
942,12030,15-16,398.263
943,21001,15-16,56.333999999999946
944,21002,15-16,338.755
945,21003,15-16,375.61499999999995
946,21004,15-16,49.89399999999995
947,21005,15-16,43.483999999999924
948,21006,15-16,339.68499999999995
949,21007,15-16,363.965
950,21008,15-16,130.48399999999992
951,21009,15-16,339.5949999999999
952,21010,15-16,339.74499999999995
953,21011,15-16,398.16499999999996
954,21012,15-16,333.395
955,21013,15-16,111.98399999999992
956,21014,15-16,352.4549999999999
957,21015,15-16,416.42499999999995
958,21016,15-16,390.81499999999994
959,21017,15-16,333.32499999999993
960,21018,15-16,37.54399999999998
961,21019,15-16,333.30499999999995
962,21020,15-16,351.5849999999999
963,21021,15-16,333.3449999999999
964,21022,15-16,333.405
965,21023,15-16,436.87499999999994
966,21024,15-16,339.47499999999997
967,21025,15-16,333.025
968,21026,15-16,352.49499999999995
969,21027,15-16,70.06399999999996
970,21028,15-16,111.98399999999992
971,21029,15-16,333.30499999999995
972,21030,15-16,356.11499999999995
973,21031,15-16,416.42499999999995
974,21032,15-16,373.73499999999996
975,21033,15-16,333.07499999999993
976,21034,15-16,333.275
977,21035,15-16,358.05499999999995
978,21036,15-16,350.8349999999999
979,21037,15-16,333.255
980,21038,15-16,333.3349999999999
981,21039,15-16,38.20399999999995
982,22001,15-16,312.032
983,22002,15-16,318.60200000000003
984,22003,15-16,312.222
985,22004,15-16,318.532
986,22005,15-16,318.642
987,22006,15-16,368.742
988,22007,15-16,330.992
989,22008,15-16,329.712
990,22009,15-16,365.942
991,22010,15-16,312.372
992,22011,15-16,312.112
993,22012,15-16,323.752
994,22013,15-16,312.232
995,22014,15-16,331.022
996,22015,15-16,337.192
997,22016,15-16,330.212
998,22017,15-16,317.902
999,22018,15-16,312.192
1000,22019,15-16,312.262
1001,22020,15-16,359.782
1002,22021,15-16,312.262
1003,22022,15-16,324.132
1004,22023,15-16,354.672
1005,22024,15-16,380.832
1006,22025,15-16,318.462
1007,22026,15-16,312.062
1008,22027,15-16,323.972
1009,22028,15-16,336.842
1010,22029,15-16,354.442
1011,22030,15-16,353.10200000000003
1012,22031,15-16,318.112
1013,22032,15-16,318.112
1014,22033,15-16,347.932
1015,22034,15-16,318.572
1016,22035,15-16,343.892
1017,22036,15-16,377.482
1018,22037,15-16,364.472
1019,22038,15-16,113.83500000000004
1020,22039,15-16,312.362
1021,31001,15-16,554.7139999999999
1022,31002,15-16,522.014
1023,31003,15-16,432.344
1024,31004,15-16,535.724
1025,31005,15-16,530.014
1026,31006,15-16,522.014
1027,31007,15-16,540.804
1028,31008,15-16,536.124
1029,31009,15-16,425.694
1030,31010,15-16,414.23400000000004
1031,31011,15-16,414.064
1032,31012,15-16,413.894
1033,31013,15-16,413.874
1034,31014,15-16,541.444
1035,31015,15-16,529.3240000000001
1036,31016,15-16,533.874
1037,31017,15-16,426.404
1038,31018,15-16,443.34400000000005
1039,31019,15-16,522.014
1040,31020,15-16,522.014
1041,31021,15-16,544.8140000000001
1042,31022,15-16,462.904
1043,31023,15-16,444.924
1044,31024,15-16,542.014
1045,31025,15-16,554.934
1046,31026,15-16,565.064
1047,31027,15-16,576.654
1048,31028,15-16,522.014
1049,31029,15-16,536.174
1050,31030,15-16,118.519
1051,31031,15-16,414.23400000000004
1052,31032,15-16,413.894
1053,31033,15-16,38.53899999999999
1054,31034,15-16,426.524
1055,31035,15-16,522.014
1056,31036,15-16,522.014
1057,32001,15-16,356.5969999999999
1058,32002,15-16,146.596
1059,32003,15-16,252.30599999999993
1060,32004,15-16,48.36699999999996
1061,32005,15-16,343.57699999999994
1062,32006,15-16,337.6769999999999
1063,32007,15-16,350.4669999999999
1064,32008,15-16,337.58699999999993
1065,32009,15-16,392.37699999999995
1066,32010,15-16,373.82699999999994
1067,32011,15-16,159.37599999999998
1068,32012,15-16,355.6669999999999
1069,32013,15-16,372.52699999999993
1070,32014,15-16,372.52699999999993
1071,32015,15-16,349.4269999999999
1072,32016,15-16,435.14699999999993
1073,32017,15-16,343.83699999999993
1074,32018,15-16,151.92599999999993
1075,32019,15-16,379.95699999999994
1076,32020,15-16,337.5369999999999
1077,32021,15-16,386.32699999999994
1078,32022,15-16,337.88699999999994
1079,32023,15-16,176.92599999999993
1080,32024,15-16,343.49699999999996
1081,32025,15-16,393.7369999999999
1082,32026,15-16,239.85599999999994
1083,32027,15-16,379.32699999999994
1084,32028,15-16,362.31699999999995
1085,32029,15-16,343.7969999999999
1086,32030,15-16,146.846
1087,32031,15-16,343.4869999999999
1088,32032,15-16,387.69699999999995
1089,32033,15-16,159.61599999999993
1090,32034,15-16,350.27699999999993
1091,32035,15-16,377.83699999999993
1092,32036,15-16,337.52699999999993
1093,41001,15-16,588.3559999999999
1094,41002,15-16,624.3159999999999
1095,41003,15-16,600.896
1096,41004,15-16,621.4359999999999
1097,41005,15-16,643.136
1098,41006,15-16,624.3159999999999
1099,41007,15-16,630.5059999999999
1100,41008,15-16,594.636
1101,41009,15-16,619.5959999999999
1102,41010,15-16,631.3159999999999
1103,41011,15-16,564.396
1104,41012,15-16,564.9559999999999
1105,41013,15-16,631.3159999999999
1106,41014,15-16,575.8459999999999
1107,41015,15-16,643.1759999999999
1108,41016,15-16,558.276
1109,41017,15-16,583.276
1110,41018,15-16,582.6659999999999
1111,41019,15-16,638.286
1112,41020,15-16,615.0059999999999
1113,41021,15-16,558.2359999999999
1114,41022,15-16,631.3159999999999
1115,41023,15-16,558.3659999999999
1116,41024,15-16,558.376
1117,42001,15-16,42.95600000000002
1118,42002,15-16,81.858
1119,42003,15-16,57.898000000000025
1120,42004,15-16,100.00799999999998
1121,42005,15-16,119.88799999999998
1122,42006,15-16,69.80799999999999
1123,42007,15-16,75.51799999999997
1124,42008,15-16,75.868
1125,42009,15-16,243.173
1126,42010,15-16,45.865999999999985
1127,42011,15-16,51.488
1128,42012,15-16,65.03800000000001
1129,42013,15-16,172.685
1130,42014,15-16,48.678
1131,42015,15-16,88.71799999999996
1132,42016,15-16,88.71799999999996
1133,42017,15-16,254.15299999999996
1134,42018,15-16,243.173
1135,42019,15-16,243.173
1136,42020,15-16,51.428
1137,42021,15-16,243.173
1138,42022,15-16,106.33799999999997
1139,42023,15-16,204.115
1140,42024,15-16,284.703
1141,42025,15-16,84.608
1142,51001,15-16,25.899999999999977
1143,51002,15-16,114.81199999999995
1144,51003,15-16,114.81199999999995
1145,51004,15-16,80.28800000000001
1146,51005,15-16,91.89800000000002
1147,51006,15-16,105.44199999999995
1148,51007,15-16,93.78800000000001
1149,51008,15-16,117.03199999999993
1150,51009,15-16,61.43799999999999
1151,51010,15-16,80.55799999999999
1152,51011,15-16,470.14199999999994
1153,51012,15-16,127.03199999999993
1154,51013,15-16,98.868
1155,51014,15-16,98.868
1156,51015,15-16,82.07799999999997
1157,51016,15-16,82.07799999999997
1158,51017,15-16,458.94199999999995
1159,51018,15-16,469.88199999999995
1160,51019,15-16,37.238
1161,51020,15-16,26.75
1162,51021,15-16,46.01800000000003
1163,51022,15-16,46.01800000000003
1164,51023,15-16,55.798
1165,51024,15-16,55.798
1166,51025,15-16,37.50799999999998
1167,51026,15-16,31.46999999999997
1168,51027,15-16,58.88799999999998
1169,51028,15-16,51.567999999999984
1170,51029,15-16,55.817999999999984
1171,51030,15-16,101.47800000000001
1172,51031,15-16,112.78199999999993
1173,51032,15-16,85.30799999999999
1174,51033,15-16,90.81799999999998
1175,51034,15-16,61.577999999999975
1176,51035,15-16,61.577999999999975
1177,51036,15-16,32.5
1178,51037,15-16,25.25999999999999
1179,51038,15-16,25.25999999999999
1180,51039,15-16,75.55799999999999
1181,51040,15-16,111.88199999999995
1182,51041,15-16,477.085
1183,51042,15-16,55.26800000000003
1184,51043,15-16,53.71800000000002
1185,51044,15-16,53.71800000000002
1186,51045,15-16,13.96999999999997
1187,51046,15-16,7.789999999999964
1188,12001,16-17,217.48299999999995
1189,12002,16-17,222.563
1190,12003,16-17,418.46299999999997
1191,12004,16-17,235.86299999999997
1192,12005,16-17,36.950999999999965
1193,12006,16-17,374.703
1194,12007,16-17,387.243
1195,12008,16-17,382.703
1196,12009,16-17,401.753
1197,12010,16-17,204.89299999999997
1198,12011,16-17,228.23299999999995
1199,12012,16-17,192.433
1200,12013,16-17,374.703
1201,12014,16-17,49.460999999999956
1202,12015,16-17,374.703
1203,12016,16-17,197.70299999999997
1204,12017,16-17,192.243
1205,12018,16-17,42.150999999999954
1206,12019,16-17,252.24299999999997
1207,12020,16-17,198.613
1208,12021,16-17,448.96299999999997
1209,12022,16-17,192.14299999999997
1210,12023,16-17,192.38299999999998
1211,12024,16-17,374.703
1212,12025,16-17,374.703
1213,12026,16-17,204.923
1214,12027,16-17,211.08299999999997
1215,12028,16-17,58.33099999999996
1216,12029,16-17,192.33299999999997
1217,12030,16-17,382.703
1218,12031,16-17,222.02299999999997
1219,21001,16-17,333.23499999999996
1220,21002,16-17,339.4649999999999
1221,21003,16-17,394.91499999999996
1222,21004,16-17,333.025
1223,21005,16-17,14.113999999999919
1224,21006,16-17,345.62499999999994
1225,21007,16-17,369.11499999999995
1226,21008,16-17,136.52399999999994
1227,21009,16-17,74.75399999999996
1228,21010,16-17,407.93499999999995
1229,21011,16-17,419.41499999999996
1230,21012,16-17,333.29499999999996
1231,21013,16-17,393.4549999999999
1232,21014,16-17,345.22499999999997
1233,21015,16-17,345.22499999999997
1234,21016,16-17,333.275
1235,21017,16-17,333.275
1236,21018,16-17,440.85499999999996
1237,21019,16-17,59.34399999999994
1238,21020,16-17,73.76399999999995
1239,21021,16-17,333.47499999999997
1240,21022,16-17,43.053999999999974
1241,21023,16-17,111.98399999999992
1242,21024,16-17,39.76399999999995
1243,21025,16-17,345.0949999999999
1244,21026,16-17,369.73499999999996
1245,21027,16-17,131.44399999999996
1246,21028,16-17,63.64399999999995
1247,21029,16-17,370.82499999999993
1248,21030,16-17,381.91499999999996
1249,21031,16-17,333.0849999999999
1250,21032,16-17,356.32499999999993
1251,21033,16-17,333.265
1252,21034,16-17,333.24499999999995
1253,21035,16-17,333.06499999999994
1254,21036,16-17,382.63499999999993
1255,21037,16-17,339.405
1256,21038,16-17,416.42499999999995
1257,22001,16-17,312.312
1258,22002,16-17,441.36199999999997
1259,22003,16-17,435.062
1260,22004,16-17,312.442
1261,22005,16-17,323.812
1262,22006,16-17,318.702
1263,22007,16-17,415.692
1264,22008,16-17,312.10200000000003
1265,22009,16-17,330.072
1266,22010,16-17,348.372
1267,22011,16-17,349.452
1268,22012,16-17,312.172
1269,22013,16-17,312.022
1270,22014,16-17,312.41200000000003
1271,22015,16-17,312.142
1272,22016,16-17,312.222
1273,22017,16-17,312.362
1274,22018,16-17,325.16200000000003
1275,22019,16-17,312.092
1276,22020,16-17,324.892
1277,22021,16-17,422.692
1278,22022,16-17,323.952
1279,22023,16-17,324.092
1280,22024,16-17,329.432
1281,22025,16-17,329.432
1282,22026,16-17,318.572
1283,22027,16-17,312.132
1284,22028,16-17,324.732
1285,22029,16-17,343.432
1286,22030,16-17,312.35200000000003
1287,22031,16-17,318.362
1288,22032,16-17,317.812
1289,22033,16-17,317.91200000000003
1290,22034,16-17,318.402
1291,22035,16-17,125.005
1292,22036,16-17,377.252
1293,22037,16-17,378.392
1294,22038,16-17,433.152
1295,31001,16-17,530.014
1296,31002,16-17,554.634
1297,31003,16-17,464.644
1298,31004,16-17,454.634
1299,31005,16-17,533.8140000000001
1300,31006,16-17,535.524
1301,31007,16-17,461.554
1302,31008,16-17,12.989000000000033
1303,31009,16-17,413.874
1304,31010,16-17,522.014
1305,31011,16-17,528.274
1306,31012,16-17,413.874
1307,31013,16-17,547.884
1308,31014,16-17,501.314
1309,31015,16-17,542.384
1310,31016,16-17,413.98400000000004
1311,31017,16-17,420.104
1312,31018,16-17,534.234
1313,31019,16-17,535.524
1314,31020,16-17,419.634
1315,31021,16-17,522.014
1316,31022,16-17,530.014
1317,31023,16-17,543.034
1318,31024,16-17,419.784
1319,31025,16-17,425.624
1320,31026,16-17,413.974
1321,31027,16-17,522.014
1322,31028,16-17,522.014
1323,31029,16-17,414.05400000000003
1324,31030,16-17,444.664
1325,31031,16-17,463.704
1326,31032,16-17,541.164
1327,31033,16-17,540.5640000000001
1328,31034,16-17,522.014
1329,31035,16-17,445.054
1330,31036,16-17,522.014
1331,32001,16-17,400.55699999999996
1332,32002,16-17,338.1069999999999
1333,32003,16-17,158.9659999999999
1334,32004,16-17,337.7869999999999
1335,32005,16-17,355.61699999999996
1336,32006,16-17,374.55699999999996
1337,32007,16-17,361.2169999999999
1338,32008,16-17,343.2969999999999
1339,32009,16-17,337.6769999999999
1340,32010,16-17,337.68699999999995
1341,32011,16-17,343.4269999999999
1342,32012,16-17,337.86699999999996
1343,32013,16-17,337.75699999999995
1344,32014,16-17,355.87699999999995
1345,32015,16-17,350.39699999999993
1346,32016,16-17,355.77699999999993
1347,32017,16-17,355.83699999999993
1348,32018,16-17,251.5759999999999
1349,32019,16-17,407.27699999999993
1350,32020,16-17,7.947000000000003
1351,32021,16-17,164.63599999999997
1352,32022,16-17,337.55699999999996
1353,32023,16-17,355.38699999999994
1354,32024,16-17,343.9269999999999
1355,32025,16-17,435.14699999999993
1356,32026,16-17,337.7269999999999
1357,32027,16-17,342.9769999999999
1358,32028,16-17,369.8469999999999
1359,32029,16-17,165.85599999999994
1360,32030,16-17,337.75699999999995
1361,32031,16-17,337.6669999999999
1362,32032,16-17,370.3469999999999
1363,32033,16-17,366.49699999999996
1364,32034,16-17,343.83699999999993
1365,32035,16-17,343.82699999999994
1366,32036,16-17,18.656999999999925
1367,41001,16-17,624.3159999999999
1368,41002,16-17,634.0959999999999
1369,41003,16-17,571.6759999999999
1370,41004,16-17,581.6959999999999
1371,41005,16-17,577.0559999999999
1372,41006,16-17,564.4459999999999
1373,41007,16-17,564.5759999999999
1374,41008,16-17,558.7259999999999
1375,41009,16-17,636.4859999999999
1376,41010,16-17,571.3159999999999
1377,41011,16-17,624.3159999999999
1378,41012,16-17,571.1659999999999
1379,41013,16-17,577.3659999999999
1380,41014,16-17,596.8159999999999
1381,41015,16-17,631.1159999999999
1382,41016,16-17,626.376
1383,41017,16-17,577.3659999999999
1384,41018,16-17,570.2259999999999
1385,41019,16-17,624.3159999999999
1386,41020,16-17,633.0059999999999
1387,41021,16-17,649.386
1388,41022,16-17,630.026
1389,41023,16-17,650.2359999999999
1390,41024,16-17,564.9259999999999
1391,41025,16-17,558.4159999999999
1392,42001,16-17,231.52499999999998
1393,42002,16-17,73.678
1394,42003,16-17,209.015
1395,42004,16-17,90.93799999999999
1396,42005,16-17,243.173
1397,42006,16-17,243.173
1398,42007,16-17,44.365999999999985
1399,42008,16-17,39.07600000000002
1400,42009,16-17,39.07600000000002
1401,42010,16-17,241.623
1402,42011,16-17,210.735
1403,42012,16-17,57.99799999999999
1404,42013,16-17,61.367999999999995
1405,42014,16-17,222.995
1406,42015,16-17,83.50799999999998
1407,42016,16-17,245.38299999999998
1408,42017,16-17,100.108
1409,42018,16-17,57.51799999999997
1410,42019,16-17,69.118
1411,42020,16-17,81.24799999999999
1412,42021,16-17,266.37299999999993
1413,42022,16-17,243.173
1414,42023,16-17,31.446000000000026
1415,42024,16-17,30.826000000000022
1416,51001,16-17,136.38199999999995
1417,51002,16-17,55.317999999999984
1418,51003,16-17,53.837999999999965
1419,51004,16-17,55.96800000000002
1420,51005,16-17,59.327999999999975
1421,51006,16-17,102.50199999999995
1422,51007,16-17,97.01799999999997
1423,51008,16-17,99.28800000000001
1424,51009,16-17,55.93799999999999
1425,51010,16-17,462.88199999999995
1426,51011,16-17,117.92199999999997
1427,51012,16-17,91.55799999999999
1428,51013,16-17,91.548
1429,51014,16-17,54.648000000000025
1430,51015,16-17,115.32199999999995
1431,51016,16-17,120.58199999999994
1432,51017,16-17,49.488
1433,51018,16-17,95.09800000000001
1434,51019,16-17,146.87199999999996
1435,51020,16-17,117.03199999999993
1436,51021,16-17,127.87199999999996
1437,51022,16-17,49.148000000000025
1438,51023,16-17,466.602
1439,51024,16-17,476.645
1440,51025,16-17,63.70799999999997
1441,51026,16-17,62.877999999999986
1442,51027,16-17,82.44799999999998
1443,51028,16-17,125.07199999999995
1444,51029,16-17,62.827999999999975
1445,51030,16-17,62.827999999999975
1446,51031,16-17,147.86199999999997
1447,51032,16-17,79.58800000000002
1448,51033,16-17,55.50799999999998
1449,51034,16-17,119.02199999999993
1450,51035,16-17,123.27199999999993
1451,51036,16-17,31.339999999999975
1452,51037,16-17,77.798
1453,51038,16-17,77.00799999999998
1454,51039,16-17,100.03800000000001
1455,51040,16-17,467.292
1456,51041,16-17,50.367999999999995
1457,12001,17-18,248.01299999999998
1458,12002,17-18,117.57099999999997
1459,12003,17-18,374.703
1460,12004,17-18,380.813
1461,12005,17-18,117.57099999999997
1462,12006,17-18,374.703
1463,12007,17-18,192.20299999999997
1464,12008,17-18,198.71299999999997
1465,12009,17-18,210.60299999999995
1466,12010,17-18,235.19299999999998
1467,12011,17-18,245.57299999999998
1468,12012,17-18,222.02299999999997
1469,12013,17-18,42.670999999999935
1470,12014,17-18,204.363
1471,12015,17-18,240.313
1472,12016,17-18,117.57099999999997
1473,12017,17-18,66.83099999999996
1474,12018,17-18,198.45299999999997
1475,12019,17-18,382.703
1476,12020,17-18,382.703
1477,12021,17-18,192.23299999999995
1478,12022,17-18,27.601
1479,12023,17-18,380.563
1480,12024,17-18,203.57299999999998
1481,12025,17-18,192.33299999999997
1482,12026,17-18,192.35299999999995
1483,12027,17-18,192.303
1484,12028,17-18,192.40299999999996
1485,12029,17-18,418.323
1486,12030,17-18,452.90299999999996
1487,12031,17-18,63.450999999999965
1488,21001,17-18,364.155
1489,21002,17-18,333.30499999999995
1490,21003,17-18,344.93499999999995
1491,21004,17-18,345.275
1492,21005,17-18,63.67399999999998
1493,21006,17-18,62.66399999999999
1494,21007,17-18,333.30499999999995
1495,21008,17-18,365.86499999999995
1496,21009,17-18,111.98399999999992
1497,21010,17-18,54.89399999999995
1498,21011,17-18,339.42499999999995
1499,21012,17-18,333.385
1500,21013,17-18,422.68499999999995
1501,21014,17-18,369.5849999999999
1502,21015,17-18,111.98399999999992
1503,21016,17-18,339.3349999999999
1504,21017,17-18,111.98399999999992
1505,21018,17-18,333.56499999999994
1506,21019,17-18,333.155
1507,21020,17-18,111.98399999999992
1508,21021,17-18,333.255
1509,21022,17-18,19.293999999999983
1510,21023,17-18,118.98399999999992
1511,21024,17-18,338.61499999999995
1512,21025,17-18,333.49499999999995
1513,21026,17-18,70.96399999999994
1514,21027,17-18,333.10499999999996
1515,21028,17-18,345.905
1516,21029,17-18,376.48499999999996
1517,21030,17-18,376.48499999999996
1518,21031,17-18,333.12499999999994
1519,21032,17-18,338.775
1520,21033,17-18,352.515
1521,21034,17-18,369.16499999999996
1522,21035,17-18,344.48499999999996
1523,21036,17-18,453.775
1524,21037,17-18,111.98399999999992
1525,21038,17-18,53.243999999999915
1526,21039,17-18,339.43499999999995
1527,21040,17-18,13.6339999999999
1528,22001,17-18,318.532
1529,22002,17-18,312.232
1530,22003,17-18,361.022
1531,22004,17-18,364.742
1532,22005,17-18,337.112
1533,22006,17-18,107.68499999999995
1534,22007,17-18,318.66200000000003
1535,22008,17-18,325.10200000000003
1536,22009,17-18,341.482
1537,22010,17-18,355.66200000000003
1538,22011,17-18,325.232
1539,22012,17-18,325.232
1540,22013,17-18,318.782
1541,22014,17-18,44.764999999999986
1542,22015,17-18,422.692
1543,22016,17-18,365.242
1544,22017,17-18,367.262
1545,22018,17-18,312.112
1546,22019,17-18,44.985000000000014
1547,22020,17-18,330.232
1548,22021,17-18,330.332
1549,22022,17-18,312.202
1550,22023,17-18,358.982
1551,22024,17-18,362.702
1552,22025,17-18,312.262
1553,22026,17-18,324.302
1554,22027,17-18,335.66200000000003
1555,22028,17-18,330.762
1556,22029,17-18,451.002
1557,22030,17-18,354.202
1558,22031,17-18,323.942
1559,22032,17-18,318.41200000000003
1560,22033,17-18,318.41200000000003
1561,22034,17-18,324.212
1562,22035,17-18,344.492
1563,22036,17-18,329.492
1564,22037,17-18,353.492
1565,22038,17-18,415.692
1566,22039,17-18,323.822
1567,22040,17-18,13.735000000000014
1568,31001,17-18,522.014
1569,31002,17-18,45.87900000000002
1570,31003,17-18,50.448999999999955
1571,31004,17-18,542.554
1572,31005,17-18,545.0740000000001
1573,31006,17-18,522.014
1574,31007,17-18,522.014
1575,31008,17-18,414.094
1576,31009,17-18,535.184
1577,31010,17-18,414.014
1578,31011,17-18,420.55400000000003
1579,31012,17-18,419.604
1580,31013,17-18,413.894
1581,31014,17-18,419.604
1582,31015,17-18,530.014
1583,31016,17-18,437.644
1584,31017,17-18,547.274
1585,31018,17-18,437.004
1586,31019,17-18,530.014
1587,31020,17-18,425.524
1588,31021,17-18,536.154
1589,31022,17-18,419.584
1590,31023,17-18,547.034
1591,31024,17-18,451.204
1592,31025,17-18,522.014
1593,31026,17-18,414.064
1594,31027,17-18,419.644
1595,31028,17-18,571.134
1596,31029,17-18,560.744
1597,31030,17-18,413.884
1598,31031,17-18,413.994
1599,31032,17-18,546.674
1600,31033,17-18,549.414
1601,31034,17-18,432.784
1602,31035,17-18,7.13900000000001
1603,31036,17-18,7.13900000000001
1604,32001,17-18,355.93699999999995
1605,32002,17-18,446.82699999999994
1606,32003,17-18,387.1069999999999
1607,32004,17-18,344.1069999999999
1608,32005,17-18,387.99699999999996
1609,32006,17-18,355.49699999999996
1610,32007,17-18,343.20699999999994
1611,32008,17-18,69.34699999999998
1612,32009,17-18,392.30699999999996
1613,32010,17-18,343.12699999999995
1614,32011,17-18,152.77599999999995
1615,32012,17-18,337.6069999999999
1616,32013,17-18,349.6069999999999
1617,32014,17-18,343.87699999999995
1618,32015,17-18,362.38699999999994
1619,32016,17-18,417.10699999999997
1620,32017,17-18,343.5469999999999
1621,32018,17-18,147.03599999999994
1622,32019,17-18,397.24699999999996
1623,32020,17-18,343.58699999999993
1624,32021,17-18,69.34699999999998
1625,32022,17-18,202.56599999999992
1626,32023,17-18,337.9769999999999
1627,32024,17-18,372.9169999999999
1628,32025,17-18,159.04599999999994
1629,32026,17-18,344.0469999999999
1630,32027,17-18,368.3569999999999
1631,32028,17-18,356.9769999999999
1632,32029,17-18,171.0759999999999
1633,32030,17-18,368.33699999999993
1634,32031,17-18,163.9459999999999
1635,32032,17-18,337.57699999999994
1636,32033,17-18,337.69699999999995
1637,32034,17-18,343.7869999999999
1638,32035,17-18,367.75699999999995
1639,32036,17-18,146.61599999999999
1640,41001,17-18,626.906
1641,41002,17-18,564.646
1642,41003,17-18,624.3159999999999
1643,41004,17-18,624.3159999999999
1644,41005,17-18,612.8059999999999
1645,41006,17-18,606.376
1646,41007,17-18,564.386
1647,41008,17-18,655.2459999999999
1648,41009,17-18,630.026
1649,41010,17-18,570.6659999999999
1650,41011,17-18,583.9759999999999
1651,41012,17-18,637.906
1652,41013,17-18,564.6159999999999
1653,41014,17-18,575.016
1654,41015,17-18,558.3159999999999
1655,41016,17-18,570.4359999999999
1656,41017,17-18,658.1159999999999
1657,41018,17-18,564.0459999999999
1658,41019,17-18,569.9559999999999
1659,41020,17-18,635.526
1660,41021,17-18,642.8259999999999
1661,41022,17-18,564.7359999999999
1662,41023,17-18,631.3159999999999
1663,41024,17-18,558.4159999999999
1664,41025,17-18,569.2459999999999
1665,42001,17-18,68.45799999999997
1666,42002,17-18,70.39800000000002
1667,42003,17-18,243.173
1668,42004,17-18,86.18799999999999
1669,42005,17-18,47.31600000000003
1670,42006,17-18,235.89499999999998
1671,42007,17-18,99.18799999999999
1672,42008,17-18,63.30799999999999
1673,42009,17-18,243.173
1674,42010,17-18,64.548
1675,42011,17-18,103.94799999999998
1676,42012,17-18,196.78499999999997
1677,42013,17-18,91.80799999999999
1678,42014,17-18,108.69799999999998
1679,42015,17-18,93.80799999999999
1680,42016,17-18,37.946000000000026
1681,42017,17-18,248.683
1682,42018,17-18,53.317999999999984
1683,42019,17-18,50.048
1684,42020,17-18,43.20600000000002
1685,42021,17-18,267.013
1686,42022,17-18,74.88799999999998
1687,42023,17-18,249.433
1688,42024,17-18,79.51799999999997
1689,42025,17-18,195.625
1690,51001,17-18,39.168000000000006
1691,51002,17-18,70.06799999999998
1692,51003,17-18,95.618
1693,51004,17-18,110.45199999999994
1694,51005,17-18,97.70799999999997
1695,51006,17-18,104.59199999999998
1696,51007,17-18,65.738
1697,51008,17-18,49.77800000000002
1698,51009,17-18,119.03199999999993
1699,51010,17-18,82.418
1700,51011,17-18,87.12799999999999
1701,51012,17-18,468.24199999999996
1702,51013,17-18,80.14800000000002
1703,51014,17-18,41.95799999999997
1704,51015,17-18,69.97800000000001
1705,51016,17-18,70.81799999999998
1706,51017,17-18,96.62799999999999
1707,51018,17-18,107.00199999999995
1708,51019,17-18,54.55799999999999
1709,51020,17-18,54.55799999999999
1710,51021,17-18,94.34800000000001
1711,51022,17-18,94.49799999999999
1712,51023,17-18,130.84199999999998
1713,51024,17-18,62.47800000000001
1714,51025,17-18,80.738
1715,51026,17-18,83.988
1716,51027,17-18,90.43799999999999
1717,51028,17-18,63.72800000000001
1718,51029,17-18,24.849999999999966
1719,51030,17-18,74.02800000000002
1720,51031,17-18,51.22800000000001
1721,51032,17-18,91.58800000000002
1722,51033,17-18,80.59800000000001
1723,51034,17-18,93.03800000000001
1724,51035,17-18,67.75799999999998
1725,51036,17-18,77.488
1726,51037,17-18,68.048
1727,51038,17-18,46.077999999999975
1728,51039,17-18,82.45799999999997
1729,51040,17-18,63.658000000000015
1730,51041,17-18,69.32799999999997
1731,51042,17-18,68.18799999999999
1732,51043,17-18,100.69799999999998
1733,51044,17-18,92.52800000000002
1734,12001,20-21,20.56099999999998
1735,12002,20-21,7.670999999999935
1736,12003,20-21,211.19299999999998
1737,12004,20-21,217.44299999999998
1738,12005,20-21,374.703
1739,12006,20-21,192.29299999999995
1740,12007,20-21,192.22299999999996
1741,12008,20-21,425.383
1742,12009,20-21,374.703
1743,12010,20-21,7.770999999999958
1744,12011,20-21,7.770999999999958
1745,12012,20-21,1.3209999999999695
1746,12013,20-21,1.5609999999999786
1747,12014,20-21,192.173
1748,12015,20-21,198.503
1749,12016,20-21,205.63299999999998
1750,12017,20-21,381.73299999999995
1751,12018,20-21,192.39299999999997
1752,12019,20-21,13.04099999999994
1753,12020,20-21,14.000999999999976
1754,12021,20-21,209.03299999999996
1755,12022,20-21,197.84299999999996
1756,12023,20-21,382.703
1757,12024,20-21,198.363
1758,12025,20-21,6.9809999999999945
1759,12026,20-21,31.800999999999988
1760,12027,20-21,31.800999999999988
1761,12028,20-21,1.6309999999999718
1762,12029,20-21,210.60299999999995
1763,12030,20-21,246.783
1764,12031,20-21,7.850999999999999
1765,12032,20-21,117.57099999999997
1766,12033,20-21,374.703
1767,12034,20-21,374.703
1768,12035,20-21,374.703
1769,12036,20-21,198.58299999999997
1770,21001,20-21,351.275
1771,21002,20-21,333.2049999999999
1772,21003,20-21,25.774
1773,21004,20-21,333.0849999999999
1774,21005,20-21,333.22499999999997
1775,21006,20-21,7.233999999999924
1776,21007,20-21,333.0949999999999
1777,21008,20-21,111.98399999999992
1778,21009,20-21,333.025
1779,21010,20-21,333.0849999999999
1780,21011,20-21,345.3449999999999
1781,21012,20-21,333.68499999999995
1782,21013,20-21,333.32499999999993
1783,21014,20-21,19.18399999999997
1784,21015,20-21,1.6440000000000055
1785,21016,20-21,333.30499999999995
1786,21017,20-21,36.3839999999999
1787,21018,20-21,338.87499999999994
1788,21019,20-21,338.94499999999994
1789,21020,20-21,338.94499999999994
1790,21021,20-21,7.543999999999983
1791,21022,20-21,7.723999999999933
1792,21023,20-21,339.29499999999996
1793,21024,20-21,339.42499999999995
1794,21025,20-21,332.98499999999996
1795,21026,20-21,332.98499999999996
1796,21027,20-21,1.44399999999996
1797,21028,20-21,26.644000000000005
1798,21029,20-21,345.81499999999994
1799,21030,20-21,333.49499999999995
1800,21031,20-21,7.613999999999919
1801,21032,20-21,333.03499999999997
1802,21033,20-21,333.29499999999996
1803,21034,20-21,339.62499999999994
1804,21035,20-21,339.5949999999999
1805,21036,20-21,369.36499999999995
1806,21037,20-21,338.905
1807,21038,20-21,351.86499999999995
1808,21039,20-21,26.333999999999946
1809,21040,20-21,1.524000000000001
1810,21041,20-21,333.31499999999994
1811,21042,20-21,20.313999999999965
1812,21043,20-21,19.403999999999996
1813,21044,20-21,14.493999999999915
1814,21045,20-21,339.525
1815,21046,20-21,344.8449999999999
1816,21047,20-21,339.9549999999999
1817,22001,20-21,318.632
1818,22002,20-21,312.182
1819,22003,20-21,318.272
1820,22004,20-21,20.315000000000055
1821,22005,20-21,312.272
1822,22006,20-21,317.91200000000003
1823,22007,20-21,113.39499999999998
1824,22008,20-21,312.402
1825,22009,20-21,312.402
1826,22010,20-21,342.442
1827,22011,20-21,317.452
1828,22012,20-21,324.702
1829,22013,20-21,318.382
1830,22014,20-21,26.805000000000064
1831,22015,20-21,312.29200000000003
1832,22016,20-21,324.562
1833,22017,20-21,312.35200000000003
1834,22018,20-21,323.892
1835,22019,20-21,325.982
1836,22020,20-21,26.20500000000004
1837,22021,20-21,312.342
1838,22022,20-21,312.062
1839,22023,20-21,120.94499999999994
1840,22024,20-21,318.282
1841,22025,20-21,319.022
1842,22026,20-21,1.865000000000009
1843,22027,20-21,317.952
1844,22028,20-21,19.454999999999927
1845,22029,20-21,318.60200000000003
1846,22030,20-21,312.182
1847,22031,20-21,311.882
1848,22032,20-21,312.262
1849,22033,20-21,312.332
1850,22034,20-21,312.152
1851,22035,20-21,107.68499999999995
1852,22036,20-21,312.152
1853,22037,20-21,324.372
1854,22038,20-21,360.592
1855,22039,20-21,312.322
1856,22040,20-21,312.252
1857,22041,20-21,312.252
1858,22042,20-21,317.952
1859,22043,20-21,8.555000000000064
1860,22044,20-21,312.642
1861,22045,20-21,7.644999999999982
1862,22046,20-21,317.722
1863,22047,20-21,317.722
1864,31001,20-21,414.084
1865,31002,20-21,420.244
1866,31003,20-21,419.624
1867,31004,20-21,414.024
1868,31005,20-21,522.014
1869,31006,20-21,432.834
1870,31007,20-21,414.044
1871,31008,20-21,413.914
1872,31009,20-21,25.009000000000015
1873,31010,20-21,426.814
1874,31011,20-21,425.034
1875,31012,20-21,413.914
1876,31013,20-21,527.724
1877,31014,20-21,414.064
1878,31015,20-21,413.764
1879,31016,20-21,414.034
1880,31017,20-21,522.014
1881,31018,20-21,459.48400000000004
1882,31019,20-21,530.014
1883,31020,20-21,25.528999999999996
1884,31021,20-21,522.014
1885,31022,20-21,425.814
1886,31023,20-21,442.534
1887,31024,20-21,413.724
1888,31025,20-21,541.034
1889,31026,20-21,414.274
1890,31027,20-21,413.874
1891,31028,20-21,445.394
1892,31029,20-21,427.11400000000003
1893,31030,20-21,427.11400000000003
1894,31031,20-21,439.144
1895,31032,20-21,439.384
1896,31033,20-21,522.014
1897,31034,20-21,420.094
1898,31035,20-21,20.249000000000024
1899,31036,20-21,533.544
1900,31037,20-21,443.304
1901,31038,20-21,438.61400000000003
1902,31039,20-21,439.454
1903,31040,20-21,414.004
1904,31041,20-21,432.324
1905,31042,20-21,432.324
1906,31043,20-21,439.154
1907,31044,20-21,414.014
1908,31045,20-21,419.584
1909,32001,20-21,0.0
1910,32002,20-21,152.52599999999995
1911,32003,20-21,337.7869999999999
1912,32004,20-21,349.4869999999999
1913,32005,20-21,337.51699999999994
1914,32006,20-21,337.51699999999994
1915,32007,20-21,337.6769999999999
1916,32008,20-21,355.20699999999994
1917,32009,20-21,361.70699999999994
1918,32010,20-21,20.60699999999997
1919,32011,20-21,366.83699999999993
1920,32012,20-21,337.81699999999995
1921,32013,20-21,337.7969999999999
1922,32014,20-21,146.79599999999994
1923,32015,20-21,349.3469999999999
1924,32016,20-21,350.39699999999993
1925,32017,20-21,350.39699999999993
1926,32018,20-21,337.68699999999995
1927,32019,20-21,355.93699999999995
1928,32020,20-21,361.6569999999999
1929,32021,20-21,159.18599999999992
1930,32022,20-21,351.20699999999994
1931,32023,20-21,146.4559999999999
1932,32024,20-21,146.7059999999999
1933,32025,20-21,337.82699999999994
1934,32026,20-21,343.77699999999993
1935,32027,20-21,152.606
1936,32028,20-21,13.027000000000044
1937,32029,20-21,349.49699999999996
1938,32030,20-21,349.5969999999999
1939,32031,20-21,337.9269999999999
1940,32032,20-21,343.80699999999996
1941,32033,20-21,153.03599999999994
1942,32034,20-21,159.13599999999997
1943,32035,20-21,368.3569999999999
1944,32036,20-21,1.3269999999999982
1945,32037,20-21,0.0
1946,32038,20-21,146.80599999999993
1947,32039,20-21,158.89599999999996
1948,32040,20-21,355.37699999999995
1949,32041,20-21,355.37699999999995
1950,32042,20-21,337.45699999999994
1951,32043,20-21,361.4869999999999
1952,32044,20-21,26.447000000000003
1953,32045,20-21,337.55699999999996
1954,41001,20-21,624.3159999999999
1955,41002,20-21,570.4559999999999
1956,41003,20-21,630.5859999999999
1957,41004,20-21,558.3459999999999
1958,41005,20-21,583.3159999999999
1959,41006,20-21,589.9359999999999
1960,41007,20-21,558.536
1961,41008,20-21,564.646
1962,41009,20-21,570.286
1963,41010,20-21,558.2959999999999
1964,41011,20-21,624.3159999999999
1965,41012,20-21,587.4959999999999
1966,41013,20-21,624.3159999999999
1967,41014,20-21,564.396
1968,41015,20-21,558.266
1969,41016,20-21,624.3159999999999
1970,41017,20-21,642.646
1971,41018,20-21,558.656
1972,41019,20-21,564.4159999999999
1973,41020,20-21,624.3159999999999
1974,41021,20-21,558.266
1975,41022,20-21,569.6959999999999
1976,41023,20-21,575.2159999999999
1977,41024,20-21,558.526
1978,41025,20-21,576.896
1979,41026,20-21,563.7159999999999
1980,41027,20-21,576.406
1981,42001,20-21,32.57600000000002
1982,42002,20-21,38.17599999999999
1983,42003,20-21,37.58600000000001
1984,42004,20-21,25.326000000000022
1985,42005,20-21,44.666
1986,42006,20-21,57.45799999999997
1987,42007,20-21,7.946000000000026
1988,42008,20-21,20.115999999999985
1989,42009,20-21,20.656000000000006
1990,42010,20-21,56.47800000000001
1991,42011,20-21,64.24799999999999
1992,42012,20-21,33.52600000000001
1993,42013,20-21,33.52600000000001
1994,42014,20-21,32.20600000000002
1995,42015,20-21,243.173
1996,42016,20-21,24.31600000000003
1997,42017,20-21,38.42599999999999
1998,42018,20-21,38.42599999999999
1999,42019,20-21,13.475999999999999
2000,42020,20-21,29.996000000000038
2001,42021,20-21,36.136000000000024
2002,42022,20-21,20.615999999999985
2003,42023,20-21,49.43799999999999
2004,42024,20-21,61.738
2005,42025,20-21,36.74600000000004
2006,42026,20-21,32.12600000000003
2007,51001,20-21,26.25
2008,51002,20-21,26.25
2009,51003,20-21,7.810000000000002
2010,51004,20-21,7.810000000000002
2011,51005,20-21,7.8799999999999955
2012,51006,20-21,14.099999999999966
2013,51007,20-21,14.099999999999966
2014,51008,20-21,8.0
2015,51009,20-21,33.30799999999999
2016,51010,20-21,48.19799999999998
2017,51011,20-21,47.55799999999999
2018,51012,20-21,38.988
2019,51013,20-21,38.988
2020,51014,20-21,20.22999999999996
2021,51015,20-21,20.359999999999957
2022,51016,20-21,18.909999999999968
2023,51017,20-21,13.549999999999955
2024,51018,20-21,46.19799999999998
2025,51019,20-21,44.608000000000004
2026,51020,20-21,43.68799999999999
2027,51021,20-21,60.928
2028,51022,20-21,60.928
2029,51023,20-21,33.867999999999995
2030,51024,20-21,49.43799999999999
2031,51025,20-21,48.05799999999999
2032,51026,20-21,47.88799999999998
2033,51027,20-21,47.88799999999998
2034,51028,20-21,45.418000000000006
2035,51029,20-21,45.418000000000006
2036,51030,20-21,43.898000000000025
2037,51031,20-21,44.798
2038,51032,20-21,44.49799999999999
2039,51033,20-21,85.83800000000002
2040,51034,20-21,91.44799999999998
2041,51035,20-21,13.810000000000002
2042,51036,20-21,25.089999999999975
2043,51037,20-21,30.629999999999995
2044,51038,20-21,18.349999999999966
2045,51039,20-21,13.870000000000005
2046,51040,20-21,7.2099999999999795
2047,51041,20-21,1.3799999999999955
2048,51042,20-21,31.089999999999975
2049,51043,20-21,31.089999999999975
2050,51044,20-21,45.55799999999999
2051,51045,20-21,45.55799999999999
2052,51046,20-21,19.49000000000001
2053,51047,20-21,19.109999999999957
2054,51048,20-21,1.6200000000000045
2055,12001,21-22,7.33099999999996
2056,12002,21-22,1.3809999999999718
2057,12003,21-22,123.28099999999995
2058,12004,21-22,1.4909999999999854
2059,12005,21-22,7.890999999999963
2060,12006,21-22,192.21299999999997
2061,12007,21-22,7.2309999999999945
2062,12008,21-22,382.703
2063,12009,21-22,13.82099999999997
2064,12010,21-22,197.90299999999996
2065,12011,21-22,120.15099999999995
2066,12012,21-22,198.60299999999995
2067,12013,21-22,192.08299999999997
2068,12014,21-22,1.8309999999999604
2069,12015,21-22,192.183
2070,12016,21-22,192.28299999999996
2071,12017,21-22,19.36099999999999
2072,12018,21-22,192.373
2073,12019,21-22,205.44299999999998
2074,12020,21-22,192.313
2075,12021,21-22,198.54299999999995
2076,12022,21-22,192.35299999999995
2077,12023,21-22,1.690999999999974
2078,12024,21-22,198.46299999999997
2079,12025,21-22,192.46299999999997
2080,12026,21-22,192.32299999999998
2081,12027,21-22,192.433
2082,12028,21-22,192.053
2083,12029,21-22,192.28299999999996
2084,12030,21-22,198.493
2085,12031,21-22,192.22299999999996
2086,12032,21-22,0.0
2087,12033,21-22,192.363
2088,12034,21-22,198.47299999999996
2089,12035,21-22,1.6709999999999354
2090,12036,21-22,192.22299999999996
2091,12037,21-22,211.72299999999996
2092,12038,21-22,192.363
2093,21001,21-22,351.31499999999994
2094,21002,21-22,339.24499999999995
2095,21003,21-22,14.233999999999924
2096,21004,21-22,333.06499999999994
2097,21005,21-22,1.4939999999999145
2098,21006,21-22,7.793999999999983
2099,21007,21-22,20.343999999999937
2100,21008,21-22,333.22499999999997
2101,21009,21-22,333.22499999999997
2102,21010,21-22,333.05499999999995
2103,21011,21-22,1.5339999999999918
2104,21012,21-22,7.69399999999996
2105,21013,21-22,333.265
2106,21014,21-22,333.22499999999997
2107,21015,21-22,7.663999999999987
2108,21016,21-22,1.62399999999991
2109,21017,21-22,1.7239999999999327
2110,21018,21-22,1.7239999999999327
2111,21019,21-22,333.22499999999997
2112,21020,21-22,333.28499999999997
2113,21021,21-22,339.395
2114,21022,21-22,1.5139999999998963
2115,21023,21-22,14.024000000000001
2116,21024,21-22,14.003999999999905
2117,21025,21-22,333.24499999999995
2118,21026,21-22,345.5849999999999
2119,21027,21-22,333.24499999999995
2120,21028,21-22,333.28499999999997
2121,21029,21-22,333.35499999999996
2122,21030,21-22,344.99499999999995
2123,21031,21-22,345.145
2124,21032,21-22,345.78499999999997
2125,21033,21-22,333.135
2126,21034,21-22,333.395
2127,21035,21-22,7.953999999999951
2128,21036,21-22,333.28499999999997
2129,21037,21-22,333.17499999999995
2130,21038,21-22,339.62499999999994
2131,21039,21-22,339.62499999999994
2132,21040,21-22,333.19499999999994
2133,21041,21-22,344.66499999999996
2134,21042,21-22,333.03499999999997
2135,21043,21-22,7.94399999999996
2136,21044,21-22,339.3349999999999
2137,21045,21-22,356.85499999999996
2138,21046,21-22,333.275
2139,21047,21-22,333.275
2140,21048,21-22,333.0849999999999
2141,21049,21-22,7.903999999999996
2142,21050,21-22,345.7149999999999
2143,21051,21-22,338.755
2144,21052,21-22,7.683999999999969
2145,21053,21-22,1.5039999999999054
2146,22001,21-22,18.694999999999936
2147,22002,21-22,318.172
2148,22003,21-22,336.512
2149,22004,21-22,336.512
2150,22005,21-22,318.122
2151,22006,21-22,317.962
2152,22007,21-22,312.232
2153,22008,21-22,324.04200000000003
2154,22009,21-22,7.514999999999986
2155,22010,21-22,318.432
2156,22011,21-22,312.29200000000003
2157,22012,21-22,1.7450000000000045
2158,22013,21-22,13.825000000000045
2159,22014,21-22,312.402
2160,22015,21-22,312.252
2161,22016,21-22,311.932
2162,22017,21-22,2.0049999999999955
2163,22018,21-22,318.182
2164,22019,21-22,312.35200000000003
2165,22020,21-22,312.492
2166,22021,21-22,7.785000000000082
2167,22022,21-22,7.785000000000082
2168,22023,21-22,7.805000000000064
2169,22024,21-22,7.805000000000064
2170,22025,21-22,325.142
2171,22026,21-22,312.252
2172,22027,21-22,312.322
2173,22028,21-22,331.222
2174,22029,21-22,312.262
2175,22030,21-22,312.262
2176,22031,21-22,18.795000000000073
2177,22032,21-22,312.022
2178,22033,21-22,317.922
2179,22034,21-22,323.582
2180,22035,21-22,324.592
2181,22036,21-22,1.7049999999999272
2182,22037,21-22,1.8250000000000455
2183,22038,21-22,312.342
2184,22039,21-22,312.342
2185,22040,21-22,318.54200000000003
2186,22041,21-22,323.862
2187,22042,21-22,317.552
2188,22043,21-22,318.692
2189,22044,21-22,318.692
2190,22045,21-22,14.045000000000073
2191,22046,21-22,318.512
2192,22047,21-22,312.29200000000003
2193,22048,21-22,312.362
2194,22049,21-22,324.482
2195,22050,21-22,318.532
2196,22051,21-22,312.35200000000003
2197,22052,21-22,318.702
2198,22053,21-22,312.172
2199,31001,21-22,413.994
2200,31002,21-22,419.884
2201,31003,21-22,414.164
2202,31004,21-22,413.774
2203,31005,21-22,420.444
2204,31006,21-22,420.444
2205,31007,21-22,425.774
2206,31008,21-22,419.454
2207,31009,21-22,413.844
2208,31010,21-22,8.298999999999978
2209,31011,21-22,413.724
2210,31012,21-22,7.079000000000065
2211,31013,21-22,426.714
2212,31014,21-22,426.05400000000003
2213,31015,21-22,1.2289999999999281
2214,31016,21-22,0.0
2215,31017,21-22,413.964
2216,31018,21-22,420.344
2217,31019,21-22,420.344
2218,31020,21-22,419.684
2219,31021,21-22,413.564
2220,31022,21-22,420.754
2221,31023,21-22,522.014
2222,31024,21-22,433.444
2223,31025,21-22,426.414
2224,31026,21-22,413.884
2225,31027,21-22,420.374
2226,31028,21-22,425.074
2227,31029,21-22,425.074
2228,31030,21-22,426.904
2229,31031,21-22,426.094
2230,31032,21-22,420.284
2231,31033,21-22,420.284
2232,31034,21-22,522.014
2233,31035,21-22,420.164
2234,31036,21-22,420.264
2235,31037,21-22,414.334
2236,31038,21-22,413.994
2237,31039,21-22,413.994
2238,31040,21-22,413.904
2239,31041,21-22,420.294
2240,31042,21-22,426.784
2241,31043,21-22,418.80400000000003
2242,31044,21-22,414.014
2243,31045,21-22,414.014
2244,31046,21-22,0.0
2245,32001,21-22,344.4169999999999
2246,32002,21-22,343.25699999999995
2247,32003,21-22,337.70699999999994
2248,32004,21-22,152.73599999999988
2249,32005,21-22,337.4769999999999
2250,32006,21-22,337.3569999999999
2251,32007,21-22,0.0
2252,32008,21-22,158.63599999999997
2253,32009,21-22,356.32699999999994
2254,32010,21-22,146.65599999999995
2255,32011,21-22,146.7059999999999
2256,32012,21-22,146.75599999999997
2257,32013,21-22,337.77699999999993
2258,32014,21-22,343.63699999999994
2259,32015,21-22,337.57699999999994
2260,32016,21-22,337.80699999999996
2261,32017,21-22,18.886999999999944
2262,32018,21-22,337.94699999999995
2263,32019,21-22,153.01599999999996
2264,32020,21-22,350.7369999999999
2265,32021,21-22,337.55699999999996
2266,32022,21-22,337.76699999999994
2267,32023,21-22,356.7869999999999
2268,32024,21-22,77.34699999999998
2269,32025,21-22,337.63699999999994
2270,32026,21-22,344.0969999999999
2271,32027,21-22,152.90599999999995
2272,32028,21-22,1.5069999999999482
2273,32029,21-22,361.61699999999996
2274,32030,21-22,351.19699999999995
2275,32031,21-22,343.9869999999999
2276,32032,21-22,337.62699999999995
2277,32033,21-22,146.93599999999992
2278,32034,21-22,337.9169999999999
2279,32035,21-22,146.53599999999994
2280,32036,21-22,337.4669999999999
2281,32037,21-22,337.4669999999999
2282,32038,21-22,0.0
2283,32039,21-22,337.4869999999999
2284,32040,21-22,1.4370000000000118
2285,32041,21-22,152.78599999999994
2286,32042,21-22,343.30699999999996
2287,32043,21-22,337.5369999999999
2288,32044,21-22,355.7269999999999
2289,32045,21-22,337.6769999999999
2290,32046,21-22,0.0
2291,41001,21-22,636.3659999999999
2292,41002,21-22,558.406
2293,41003,21-22,558.2459999999999
2294,41004,21-22,558.3259999999999
2295,41005,21-22,558.8059999999999
2296,41006,21-22,564.776
2297,41007,21-22,388.4229999999999
2298,41008,21-22,558.3059999999999
2299,41009,21-22,370.6829999999999
2300,41010,21-22,624.3159999999999
2301,41011,21-22,564.4759999999999
2302,41012,21-22,558.266
2303,41013,21-22,558.4459999999999
2304,41014,21-22,558.6059999999999
2305,41015,21-22,370.8829999999999
2306,41016,21-22,582.4759999999999
2307,41017,21-22,564.876
2308,41018,21-22,558.4759999999999
2309,41019,21-22,558.4459999999999
2310,41020,21-22,558.3459999999999
2311,41021,21-22,376.36299999999994
2312,41022,21-22,558.2959999999999
2313,41023,21-22,558.3559999999999
2314,41024,21-22,576.5959999999999
2315,41025,21-22,564.5659999999999
2316,41026,21-22,624.3159999999999
2317,41027,21-22,595.776
2318,41028,21-22,624.3159999999999
2319,41029,21-22,624.3159999999999
2320,41030,21-22,576.776
2321,41031,21-22,37.79399999999998
2322,42001,21-22,32.12600000000003
2323,42002,21-22,14.076000000000022
2324,42003,21-22,14.126000000000033
2325,42004,21-22,14.126000000000033
2326,42005,21-22,19.925999999999988
2327,42006,21-22,1.8859999999999673
2328,42007,21-22,7.896000000000015
2329,42008,21-22,7.426000000000045
2330,42009,21-22,1.6960000000000264
2331,42010,21-22,7.286000000000001
2332,42011,21-22,19.56600000000003
2333,42012,21-22,19.56600000000003
2334,42013,21-22,31.77600000000001
2335,42014,21-22,31.77600000000001
2336,42015,21-22,40.33600000000001
2337,42016,21-22,14.126000000000033
2338,42017,21-22,14.126000000000033
2339,42018,21-22,21.31600000000003
2340,42019,21-22,21.31600000000003
2341,42020,21-22,7.975999999999999
2342,42021,21-22,14.73599999999999
2343,42022,21-22,33.92599999999999
2344,42023,21-22,13.316000000000031
2345,42024,21-22,13.316000000000031
2346,42025,21-22,14.225999999999999
2347,42026,21-22,33.45600000000002
2348,42027,21-22,33.45600000000002
2349,42028,21-22,14.27600000000001
2350,42029,21-22,14.27600000000001
2351,51001,21-22,13.240000000000009
2352,51002,21-22,25.609999999999957
2353,51003,21-22,19.91999999999996
2354,51004,21-22,7.46999999999997
2355,51005,21-22,38.34800000000001
2356,51006,21-22,39.648000000000025
2357,51007,21-22,55.358000000000004
2358,51008,21-22,19.44999999999999
2359,51009,21-22,6.729999999999961
2360,51010,21-22,7.930000000000007
2361,51011,21-22,14.029999999999973
2362,51012,21-22,14.029999999999973
2363,51013,21-22,24.849999999999966
2364,51014,21-22,24.849999999999966
2365,51015,21-22,7.449999999999989
2366,51016,21-22,13.560000000000002
2367,51017,21-22,13.759999999999991
2368,51018,21-22,25.5
2369,51019,21-22,37.837999999999965
2370,51020,21-22,44.13799999999998
2371,51021,21-22,19.859999999999957
2372,51022,21-22,13.849999999999966
2373,51023,21-22,13.849999999999966
2374,51024,21-22,1.5499999999999545
2375,51025,21-22,45.398000000000025
2376,51026,21-22,54.867999999999995
2377,51027,21-22,18.839999999999975
2378,51028,21-22,20.159999999999968
2379,51029,21-22,20.159999999999968
2380,51030,21-22,25.66999999999996
2381,51031,21-22,45.358000000000004
2382,51032,21-22,29.779999999999973
2383,51033,21-22,29.779999999999973
2384,51034,21-22,320.94499999999994
2385,51035,21-22,49.99799999999999
2386,51036,21-22,14.20999999999998
2387,51037,21-22,32.27999999999997
2388,51038,21-22,32.27999999999997
2389,51039,21-22,34.59800000000001
2390,51040,21-22,32.079999999999984
2391,51041,21-22,7.789999999999964
2392,51042,21-22,55.00799999999998
2393,51043,21-22,73.46800000000002
2394,51044,21-22,13.569999999999993
2395,51045,21-22,13.569999999999993
2396,51046,21-22,14.049999999999955
2397,51047,21-22,14.049999999999955
2398,51048,21-22,44.09800000000001
2399,51049,21-22,44.09800000000001
2400,51050,21-22,7.430000000000007
2401,51051,21-22,13.799999999999955
